Scrollable Height,	 UIM/VIM Name,		 Type,	 UIM References,	 Dupliacte,	 Number of Scrollable Lists,	 Expandable List Ref,	 CADG Page,	
50,	 SelectionQuery_addCriteria.uim,		 NonModal,	 N/A,	 No,	1,	false,	http://opsrhl0155.mulvm.ie.ibm.com:9080/curamanalysisdocumentation/pages/SelectionQuery_addCriteria.html,	
50,	 SelectionQuery_modifyQueryCriteria.uim,		 NonModal,	 N/A,	 No,	1,	false,	http://opsrhl0155.mulvm.ie.ibm.com:9080/curamanalysisdocumentation/pages/SelectionQuery_modifyQueryCriteria.html,	
60,	 AddProspectPerson_duplicateCheckForPDCWizardView.vim,		 Modal,	 AddProspectPerson_duplicateCheckForPDCWizard.uim,	 No,	1,	false,	http://opsrhl0155.mulvm.ie.ibm.com:9080/curamanalysisdocumentation/pages/AddProspectPerson_duplicateCheckForPDCWizard.html,	
60,	 CaseAuditConfiguration_createCaseAuditConfiguration.uim,		 NonModal,	 N/A,	 No,	3,	false,	http://opsrhl0155.mulvm.ie.ibm.com:9080/curamanalysisdocumentation/pages/CaseAuditConfiguration_createCaseAuditConfiguration.html,	
60,	 Financial_manualPaymentSearchPersonWizard.uim,		 Modal,	 N/A,	 No,	1,	false,	http://opsrhl0155.mulvm.ie.ibm.com:9080/curamanalysisdocumentation/pages/Financial_manualPaymentSearchPersonWizard.html,	
60,	 RegisterPerson_duplicateCheckWizardView.vim,		 Modal,	 RegisterPerson_duplicateCheckWizard.uim,	 No,	1,	false,	http://opsrhl0155.mulvm.ie.ibm.com:9080/curamanalysisdocumentation/pages/RegisterPerson_duplicateCheckWizard.html,	
60,	 AddProspectPerson_duplicateCheckWizardView.vim,		 Modal,	 AddProspectPerson_duplicateCheckWizard.uim,	 No,	1,	false,	http://opsrhl0155.mulvm.ie.ibm.com:9080/curamanalysisdocumentation/pages/AddProspectPerson_duplicateCheckWizard.html,	
60,	 CaseAuditConfiguration_modifyCaseAuditConfigurationView.vim,		 Modal,	 CaseAuditConfiguration_modifyCaseAuditConfiguration.uim,	 No,	3,	false,	http://opsrhl0155.mulvm.ie.ibm.com:9080/curamanalysisdocumentation/pages/CaseAuditConfiguration_modifyCaseAuditConfiguration.html,	
65,	 Activity_viewSelectedUserRecurringActivity.uim,		 N/A,	 N/A,	 No,	1,	false,	http://opsrhl0155.mulvm.ie.ibm.com:9080/curamanalysisdocumentation/pages/Activity_viewSelectedUserRecurringActivity.html,	
65,	 Activity_viewStandardUserActivityViewOnly.uim,		 N/A,	 N/A,	 No,	1,	false,	http://opsrhl0155.mulvm.ie.ibm.com:9080/curamanalysisdocumentation/pages/Activity_viewStandardUserActivityViewOnly.html,	
65,	 Activity_viewRecurringUserActivityViewOnly.uim,		 N/A,	 N/A,	 No,	1,	false,	http://opsrhl0155.mulvm.ie.ibm.com:9080/curamanalysisdocumentation/pages/Activity_viewRecurringUserActivityViewOnly.html,	
70,	 LegalAction_createPetition.uim,		 N/A,	 N/A,	 No,	3,	false,	http://opsrhl0155.mulvm.ie.ibm.com:9080/curamanalysisdocumentation/pages/LegalAction_createPetition.html,	
70,	 ProductDelivery_getParticipantLiabilityWizardContent.vim,		 Modal,	 ProductDelivery_getParticipantLiabilityWizard.uim,	 No,	1,	false,	http://opsrhl0155.mulvm.ie.ibm.com:9080/curamanalysisdocumentation/pages/ProductDelivery_getParticipantLiabilityWizard.html,	
75,	 ProviderManagemen_serviceAuthorizationLineItemStatusHistory.uim,		 NonModal,	 N/A,	 No,	1,	false,	http://opsrhl0155.mulvm.ie.ibm.com:9080/curamanalysisdocumentation/pages/ProviderManagemen_serviceAuthorizationLineItemStatusHistory.html,	
75,	 ProviderManagement_viewCompleteServiceInvoiceLineItem.uim,		 Modal,	 N/A,	 No,	1,	false,	http://opsrhl0155.mulvm.ie.ibm.com:9080/curamanalysisdocumentation/pages/ProviderManagement_viewCompleteServiceInvoiceLineItem.html,	
75,	 FactorClassificationSubdivisionAdmin_createFactorClassificationSubdivisionView.vim,		 Modal,	 FactorClassificationSubdivisionAdmin_createFCSDFromCreateFCDFromViewFactor.uim,	 No,	1,	false,	http://opsrhl0155.mulvm.ie.ibm.com:9080/curamanalysisdocumentation/pages/FactorClassificationSubdivisionAdmin_createFCSDFromCreateFCDFromViewFactor.html,	
80,	 Case_createCaseRelatedMember.uim,		 Modal,	 N/A,	 No,	1,	false,	http://opsrhl0155.mulvm.ie.ibm.com:9080/curamanalysisdocumentation/pages/Case_createCaseRelatedMember.html,	
90,	 ProductDelivery_getParticipantAndLiabilityWizardContent.vim,		 Modal,	 ProductDelivery_getParticipantAndLiabilityWizard.uim,	 No,	1,	false,	http://opsrhl0155.mulvm.ie.ibm.com:9080/curamanalysisdocumentation/pages/ProductDelivery_getParticipantAndLiabilityWizard.html,	
90,	 Financial_allocatePaymentReceivedSelectLiability1.uim,		 Modal,	 N/A,	 No,	1,	false,	http://opsrhl0155.mulvm.ie.ibm.com:9080/curamanalysisdocumentation/pages/Financial_allocatePaymentReceivedSelectLiability1.html,	
90,	 IssueDelivery_createIssueWizardView.vim,		 Modal,	 IssueDelivery_createIssueForICWizard.uim,	 No,	1,	false,	http://opsrhl0155.mulvm.ie.ibm.com:9080/curamanalysisdocumentation/pages/IssueDelivery_createIssueForICWizard.html,	
90,	 Intake_viewCasePCR.uim,		 NonModal,	 N/A,	 No,	2,	true,	http://opsrhl0155.mulvm.ie.ibm.com:9080/curamanalysisdocumentation/pages/Intake_viewCasePCR.html,	
90,	 Intake_inviteAttendee.uim,		 Modal,	 N/A,	 No,	3,	false,	http://opsrhl0155.mulvm.ie.ibm.com:9080/curamanalysisdocumentation/pages/Intake_inviteAttendee.html,	
90,	 Intake_createInterview.uim,		 Modal,	 N/A,	 No,	2,	false,	http://opsrhl0155.mulvm.ie.ibm.com:9080/curamanalysisdocumentation/pages/Intake_createInterview.html,	
95,	 ProgramAuthorisation_anyClientSelectICOrCreateNewAndSelectClients.uim,		 N/A,	 N/A,	 No,	2,	false,	http://opsrhl0155.mulvm.ie.ibm.com:9080/curamanalysisdocumentation/pages/ProgramAuthorisation_anyClientSelectICOrCreateNewAndSelectClients.html,	
95,	 Authorisation_useExistingAnyClientsMatchOrCreateNewView.vim,		 N/A,	 ProgramAuthorisation_useExistingAnyClientsMatchOrCreateNew.uim,	 No,	1,	false,	http://opsrhl0155.mulvm.ie.ibm.com:9080/curamanalysisdocumentation/pages/ProgramAuthorisation_useExistingAnyClientsMatchOrCreateNew.html,	
95,	 Authorisation_forIC.vim,		 N/A,	 ApplicationAuthorisation_forICAndOP.uim,	 No,	3,	false,	http://opsrhl0155.mulvm.ie.ibm.com:9080/curamanalysisdocumentation/pages/ApplicationAuthorisation_forICAndOP.html,	
95,	 Authorisation_forOP.vim,		 N/A,	 N/A,	 No,	4,	false,	,	
100,	 ProviderManagement_addPOPerformanceMeasure.uim,		 Modal,	 N/A,	 No,	1,	false,	http://opsrhl0155.mulvm.ie.ibm.com:9080/curamanalysisdocumentation/pages/ProviderManagement_addPOPerformanceMeasure.html,	
100,	 ProviderManagement_searchAvailablePlaces.uim,		 Modal,	 N/A,	 No,	1,	false,	http://opsrhl0155.mulvm.ie.ibm.com:9080/curamanalysisdocumentation/pages/ProviderManagement_searchAvailablePlaces.html,	
100,	 Authorisation_useExistingExactClientsMatchOrCreateNewView.vim,		 N/A,	 ApplicationAuthorisation_useExistingExactClientsMatchOrCreateNew.uim,	 No,	1,	false,	http://opsrhl0155.mulvm.ie.ibm.com:9080/curamanalysisdocumentation/pages/ApplicationAuthorisation_useExistingExactClientsMatchOrCreateNew.html,	
100,	 ProviderManagement_searchServiceOfferingPopup.uim,		 NonModal,	 N/A,	 No,	1,	false,	http://opsrhl0155.mulvm.ie.ibm.com:9080/curamanalysisdocumentation/pages/ProviderManagement_searchServiceOfferingPopup.html,	
100,	 ProgramAuthorisation_useExistingExactClientsMatch_reuseICAndSelectClients.uim,		 N/A,	 N/A,	 No,	1,	false,	http://opsrhl0155.mulvm.ie.ibm.com:9080/curamanalysisdocumentation/pages/ProgramAuthorisation_useExistingExactClientsMatch_reuseICAndSelectClients.html,	
100,	 Case_selectProFormaTypeView1.vim,		 Modal,	 Case_selectProFormaType1.uim,	 No,	1,	false,	http://opsrhl0155.mulvm.ie.ibm.com:9080/curamanalysisdocumentation/pages/Case_selectProFormaType1.html,	
100,	 OutcomePlan_createOutcomePlanExpectedOutcomeMultipleClients.uim,		 N/A,	 N/A,	 No,	1,	false,	http://opsrhl0155.mulvm.ie.ibm.com:9080/curamanalysisdocumentation/pages/OutcomePlan_createOutcomePlanExpectedOutcomeMultipleClients.html,	
100,	 ProviderManagement_addEvaluationCriteriaToSOPerformanceMeasure.uim,		 Modal,	 N/A,	 No,	1,	false,	http://opsrhl0155.mulvm.ie.ibm.com:9080/curamanalysisdocumentation/pages/ProviderManagement_addEvaluationCriteriaToSOPerformanceMeasure.html,	
100,	 ProviderManagement_selectTrainingForProvider.uim,		 NonModal,	 N/A,	 No,	1,	false,	http://opsrhl0155.mulvm.ie.ibm.com:9080/curamanalysisdocumentation/pages/ProviderManagement_selectTrainingForProvider.html,	
100,	 Supervisor_reassignCasesForUserWithSearch.uim,		 Modal,	 N/A,	 No,	1,	false,	http://opsrhl0155.mulvm.ie.ibm.com:9080/curamanalysisdocumentation/pages/Supervisor_reassignCasesForUserWithSearch.html,	
100,	 ProviderManagement_searchContractPerformanceMeasurePopup.uim,		 NonModal,	 N/A,	 No,	1,	false,	http://opsrhl0155.mulvm.ie.ibm.com:9080/curamanalysisdocumentation/pages/ProviderManagement_searchContractPerformanceMeasurePopup.html,	
100,	 ProviderManagement_searchByTrainingNameUnitMeasureForProviderGroup.uim,		 NonModal,	 N/A,	 No,	1,	false,	http://opsrhl0155.mulvm.ie.ibm.com:9080/curamanalysisdocumentation/pages/ProviderManagement_searchByTrainingNameUnitMeasureForProviderGroup.html,	
100,	 MultidisciplinaryTeamMember_viewModalView.vim,		 Modal,	 MultidisciplinaryTeamMember_viewModalForMinutes.uim,	 No,	3,	false,	http://opsrhl0155.mulvm.ie.ibm.com:9080/curamanalysisdocumentation/pages/MultidisciplinaryTeamMember_viewModalForMinutes.html,	
100,	 Supervisor_forwardTasksReservedByUserSearch.uim,		 Modal,	 N/A,	 No,	2,	false,	http://opsrhl0155.mulvm.ie.ibm.com:9080/curamanalysisdocumentation/pages/Supervisor_forwardTasksReservedByUserSearch.html,	
100,	 AssessmentPlanningAdmin_createAssessmentDefinition.uim,		 Modal,	 N/A,	 No,	1,	false,	http://opsrhl0155.mulvm.ie.ibm.com:9080/curamanalysisdocumentation/pages/AssessmentPlanningAdmin_createAssessmentDefinition.html,	
100,	 ExpectedOutcomeSearchWizard_addObjective.uim,		 NonModal,	 N/A,	 No,	1,	false,	http://opsrhl0155.mulvm.ie.ibm.com:9080/curamanalysisdocumentation/pages/ExpectedOutcomeSearchWizard_addObjective.html,	
100,	 Application_selectProFormaTypeView.vim,		 Modal,	 Application_selectProFormaType.uim,	 No,	1,	false,	http://opsrhl0155.mulvm.ie.ibm.com:9080/curamanalysisdocumentation/pages/Application_selectProFormaType.html,	
100,	 CreateServiceDeliveryWizard_details1.uim,		 N/A,	 N/A,	 No,	1,	false,	http://opsrhl0155.mulvm.ie.ibm.com:9080/curamanalysisdocumentation/pages/CreateServiceDeliveryWizard_details1.html,	
100,	 OutcomePlan_viewExpectedOutcomeHome.uim,		 NonModal,	 N/A,	 No,	1,	false,	http://opsrhl0155.mulvm.ie.ibm.com:9080/curamanalysisdocumentation/pages/OutcomePlan_viewExpectedOutcomeHome.html,	
100,	 ProviderManagement_referralWizardCommonDetails.vim,		 Modal,	 OutcomePlanReferralWizard_details.uim,	 No,	1,	false,	http://opsrhl0155.mulvm.ie.ibm.com:9080/curamanalysisdocumentation/pages/OutcomePlanReferralWizard_details.html,	
100,	 ProviderManagement_searchProviderNotRegistered.uim,		 Modal,	 N/A,	 No,	2,	false,	http://opsrhl0155.mulvm.ie.ibm.com:9080/curamanalysisdocumentation/pages/ProviderManagement_searchProviderNotRegistered.html,	
100,	 ProgramAuthorisation_selectICOrCreateNewAndSelectClients.uim,		 N/A,	 N/A,	 No,	2,	false,	http://opsrhl0155.mulvm.ie.ibm.com:9080/curamanalysisdocumentation/pages/ProgramAuthorisation_selectICOrCreateNewAndSelectClients.html,	
100,	 ProgramAuthorisation_useExistingExactClientsMatch_selectICAndClients.uim,		 N/A,	 N/A,	 No,	2,	false,	http://opsrhl0155.mulvm.ie.ibm.com:9080/curamanalysisdocumentation/pages/ProgramAuthorisation_useExistingExactClientsMatch_selectICAndClients.html,	
100,	 ProviderManagement_viewWaitListEntryStatusHistoryFromSearch.uim,		 NonModal,	 N/A,	 No,	1,	false,	http://opsrhl0155.mulvm.ie.ibm.com:9080/curamanalysisdocumentation/pages/ProviderManagement_viewWaitListEntryStatusHistoryFromSearch.html,	
100,	 ProviderManagement_searchPersonPopUp.uim,		 NonModal,	 N/A,	 No,	1,	false,	http://opsrhl0155.mulvm.ie.ibm.com:9080/curamanalysisdocumentation/pages/ProviderManagement_searchPersonPopUp.html,	
100,	 MeetingMinutes_editActionView.vim,		 Modal,	 MeetingMinutes_editActionFromViewFromAgenda.uim,	 Yes,	1,	false,	http://opsrhl0155.mulvm.ie.ibm.com:9080/curamanalysisdocumentation/pages/MeetingMinutes_editActionFromViewFromAgenda.html,	
100,	 Evidence_approveApprovalRequest.uim,		 Modal,	 N/A,	 No,	1,	false,	http://opsrhl0155.mulvm.ie.ibm.com:9080/curamanalysisdocumentation/pages/Evidence_approveApprovalRequest.html,	
100,	 InvestigationSample_searchPerson.uim,		 NonModal,	 N/A,	 Yes,	1,	false,	http://opsrhl0155.mulvm.ie.ibm.com:9080/curamanalysisdocumentation/pages/InvestigationSample_searchPerson.html,	
100,	 ProviderManagement_viewWaitListEntryStatusHistory.uim,		 NonModal,	 N/A,	 No,	1,	false,	http://opsrhl0155.mulvm.ie.ibm.com:9080/curamanalysisdocumentation/pages/ProviderManagement_viewWaitListEntryStatusHistory.html,	
100,	 InvestigationSample_duplicateRegistrationCheckView.vim,		 Modal,	 InvestigationSample_duplicateRegistrationCheck.uim,	 No,	1,	false,	http://opsrhl0155.mulvm.ie.ibm.com:9080/curamanalysisdocumentation/pages/InvestigationSample_duplicateRegistrationCheck.html,	
100,	 MDTExternal_createIncident.uim,		 N/A,	 N/A,	 No,	1,	false,	http://opsrhl0155.mulvm.ie.ibm.com:9080/curamanalysisdocumentation/pages/MDTExternal_createIncident.html,	
100,	 ProgramAuthorisation_useExistingAnyClientsMatch_reuseICAndSelectClients.uim,		 N/A,	 N/A,	 No,	1,	false,	http://opsrhl0155.mulvm.ie.ibm.com:9080/curamanalysisdocumentation/pages/ProgramAuthorisation_useExistingAnyClientsMatch_reuseICAndSelectClients.html,	
100,	 Supervisor_forwardTasksNotReservedByUserSearch.uim,		 Modal,	 N/A,	 No,	1,	false,	http://opsrhl0155.mulvm.ie.ibm.com:9080/curamanalysisdocumentation/pages/Supervisor_forwardTasksNotReservedByUserSearch.html,	
100,	 CreateServiceDeliveryWizard_details.uim,		 N/A,	 N/A,	 No,	1,	false,	http://opsrhl0155.mulvm.ie.ibm.com:9080/curamanalysisdocumentation/pages/CreateServiceDeliveryWizard_details.html,	
100,	 ProviderManagement_searchByTrainingNameUnitMeasureForProvider.uim,		 NonModal,	 N/A,	 No,	1,	false,	http://opsrhl0155.mulvm.ie.ibm.com:9080/curamanalysisdocumentation/pages/ProviderManagement_searchByTrainingNameUnitMeasureForProvider.html,	
100,	 ProviderManagement_searchByCriterion.uim,		 Modal,	 N/A,	 No,	1,	false,	http://opsrhl0155.mulvm.ie.ibm.com:9080/curamanalysisdocumentation/pages/ProviderManagement_searchByCriterion.html,	
100,	 ProviderManagement_searchConfirmProviderNotRegistered.uim,		 Modal,	 N/A,	 No,	2,	false,	http://opsrhl0155.mulvm.ie.ibm.com:9080/curamanalysisdocumentation/pages/ProviderManagement_searchConfirmProviderNotRegistered.html,	
100,	 SocialEnterpriseFolder_searchCasePopup.uim,		 NonModal,	 N/A,	 No,	1,	false,	http://opsrhl0155.mulvm.ie.ibm.com:9080/curamanalysisdocumentation/pages/SocialEnterpriseFolder_searchCasePopup.html,	
100,	 ProviderManagement_viewActualContractPerformanceMeasure.uim,		 N/A,	 N/A,	 No,	1,	false,	http://opsrhl0155.mulvm.ie.ibm.com:9080/curamanalysisdocumentation/pages/ProviderManagement_viewActualContractPerformanceMeasure.html,	
100,	 Evidence_rejectApprovalRequests.uim,		 Modal,	 N/A,	 No,	1,	false,	http://opsrhl0155.mulvm.ie.ibm.com:9080/curamanalysisdocumentation/pages/Evidence_rejectApprovalRequests.html,	
100,	 ProviderManagement_addTemplateToServiceOffering.uim,		 Modal,	 N/A,	 No,	1,	false,	http://opsrhl0155.mulvm.ie.ibm.com:9080/curamanalysisdocumentation/pages/ProviderManagement_addTemplateToServiceOffering.html,	
100,	 MeetingMinutes_createActionView.vim,		 Modal,	 MeetingActions_modify.uim,	 Yes,	1,	false,	http://opsrhl0155.mulvm.ie.ibm.com:9080/curamanalysisdocumentation/pages/MeetingActions_modify.html,	
100,	 ProgramAuthorisation_createNewAndSelectClients.uim,		 N/A,	 N/A,	 No,	1,	false,	http://opsrhl0155.mulvm.ie.ibm.com:9080/curamanalysisdocumentation/pages/ProgramAuthorisation_createNewAndSelectClients.html,	
100,	 ProviderManagement_searchTrainingByTrainingTypeForPerson.uim,		 NonModal,	 N/A,	 No,	1,	false,	http://opsrhl0155.mulvm.ie.ibm.com:9080/curamanalysisdocumentation/pages/ProviderManagement_searchTrainingByTrainingTypeForPerson.html,	
100,	 Authorisation_useExistingExactClientsMatch_selectICView.vim,		 N/A,	 ProgramAuthorisation_useExistingExactClientsMatch_selectIC.uim,	 No,	1,	false,	http://opsrhl0155.mulvm.ie.ibm.com:9080/curamanalysisdocumentation/pages/ProgramAuthorisation_useExistingExactClientsMatch_selectIC.html,	
100,	 AddExpectedOutcomeWizard_details.uim,		 NonModal,	 N/A,	 No,	1,	false,	http://opsrhl0155.mulvm.ie.ibm.com:9080/curamanalysisdocumentation/pages/AddExpectedOutcomeWizard_details.html,	
110,	 CaseAudit_modifyAuditPlanFocusAreasView.vim,		 Modal,	 CaseAudit_addAuditPlanFocusAreas.uim,	 No,	1,	false,	http://opsrhl0155.mulvm.ie.ibm.com:9080/curamanalysisdocumentation/pages/CaseAudit_addAuditPlanFocusAreas.html,	
120,	 RegisterExternalParty_duplicateCheckWizard.uim,		 Modal,	 N/A,	 No,	1,	false,	http://opsrhl0155.mulvm.ie.ibm.com:9080/curamanalysisdocumentation/pages/RegisterExternalParty_duplicateCheckWizard.html,	
120,	 ProductDelivery_getParticipantAndLiabilityForVariableWizardContent.vim,		 Modal,	 ProductDelivery_getParticipantAndLiabilityForVariableWizard.uim,	 No,	1,	false,	http://opsrhl0155.mulvm.ie.ibm.com:9080/curamanalysisdocumentation/pages/ProductDelivery_getParticipantAndLiabilityForVariableWizard.html,	
120,	 MDTCollaboration_listSharing.vim,		 N/A,	 N/A,	 No,	1,	false,	,	
120,	 RegisterUtility_duplicateCheckWizard.uim,		 Modal,	 N/A,	 No,	1,	false,	http://opsrhl0155.mulvm.ie.ibm.com:9080/curamanalysisdocumentation/pages/RegisterUtility_duplicateCheckWizard.html,	
120,	 ProspectEmployer_duplicateCheckWizard.uim,		 Modal,	 N/A,	 No,	1,	false,	http://opsrhl0155.mulvm.ie.ibm.com:9080/curamanalysisdocumentation/pages/ProspectEmployer_duplicateCheckWizard.html,	
120,	 AddProspectEmployer_duplicateCheckWizard.uim,		 Modal,	 N/A,	 No,	1,	false,	http://opsrhl0155.mulvm.ie.ibm.com:9080/curamanalysisdocumentation/pages/AddProspectEmployer_duplicateCheckWizard.html,	
120,	 InvestigationDelivery_listFindingHistoryView.vim,		 Modal,	 InvestigationDelivery_listFindingHistory.uim,	 No,	1,	false,	http://opsrhl0155.mulvm.ie.ibm.com:9080/curamanalysisdocumentation/pages/InvestigationDelivery_listFindingHistory.html,	
120,	 Financial_refundPaymentSearchPerson.uim,		 NonModal,	 N/A,	 No,	1,	false,	http://opsrhl0155.mulvm.ie.ibm.com:9080/curamanalysisdocumentation/pages/Financial_refundPaymentSearchPerson.html,	
120,	 SearchForProviderOffering.uim,		 NonModal,	 N/A,	 No,	2,	false,	http://opsrhl0155.mulvm.ie.ibm.com:9080/curamanalysisdocumentation/pages/SearchForProviderOffering.html,	
120,	 ProspectPerson_duplicateCheckViewWizard.vim,		 Modal,	 ProspectPerson_duplicateCheckWizard.uim,	 No,	1,	false,	http://opsrhl0155.mulvm.ie.ibm.com:9080/curamanalysisdocumentation/pages/ProspectPerson_duplicateCheckWizard.html,	
120,	 RegisterProductProvider_duplicateCheckWizard.uim,		 Modal,	 N/A,	 No,	1,	false,	http://opsrhl0155.mulvm.ie.ibm.com:9080/curamanalysisdocumentation/pages/RegisterProductProvider_duplicateCheckWizard.html,	
120,	 ICInvestigationDelivery_listMilestoneWaiverRequestModal.uim,		 NonModal,	 N/A,	 No,	1,	false,	http://opsrhl0155.mulvm.ie.ibm.com:9080/curamanalysisdocumentation/pages/ICInvestigationDelivery_listMilestoneWaiverRequestModal.html,	
120,	 RegisterEducationalInstitute_duplicateCheckWizard.uim,		 Modal,	 N/A,	 No,	1,	false,	http://opsrhl0155.mulvm.ie.ibm.com:9080/curamanalysisdocumentation/pages/RegisterEducationalInstitute_duplicateCheckWizard.html,	
120,	 Intake_duplicateCheckForRegisterProspectPerson.uim,		 Modal,	 N/A,	 No,	1,	false,	http://opsrhl0155.mulvm.ie.ibm.com:9080/curamanalysisdocumentation/pages/Intake_duplicateCheckForRegisterProspectPerson.html,	
120,	 RegisterEmployer_duplicateCheckWizard.uim,		 Modal,	 N/A,	 No,	1,	false,	http://opsrhl0155.mulvm.ie.ibm.com:9080/curamanalysisdocumentation/pages/RegisterEmployer_duplicateCheckWizard.html,	
120,	 OutcomePlan_home.uim,		 NonModal,	 N/A,	 No,	2,	false,	http://opsrhl0155.mulvm.ie.ibm.com:9080/curamanalysisdocumentation/pages/OutcomePlan_home.html,	
120,	 RegisterInformationProvider_duplicateCheckWizardView.vim,		 Modal,	 RegisterInformationProvider_duplicateCheckWizard.uim,	 No,	1,	false,	http://opsrhl0155.mulvm.ie.ibm.com:9080/curamanalysisdocumentation/pages/RegisterInformationProvider_duplicateCheckWizard.html,	
120,	 MDTCollaboration_editSharingView.vim,		 Modal,	 MDTCollaboration_editSharing.uim,	 No,	1,	false,	http://opsrhl0155.mulvm.ie.ibm.com:9080/curamanalysisdocumentation/pages/MDTCollaboration_editSharing.html,	
120,	 Financial_paymentReceivedSearchPerson.uim,		 Modal,	 N/A,	 No,	1,	false,	http://opsrhl0155.mulvm.ie.ibm.com:9080/curamanalysisdocumentation/pages/Financial_paymentReceivedSearchPerson.html,	
120,	 RegisterServiceSupplier_duplicateCheckWizard.uim,		 Modal,	 N/A,	 No,	1,	false,	http://opsrhl0155.mulvm.ie.ibm.com:9080/curamanalysisdocumentation/pages/RegisterServiceSupplier_duplicateCheckWizard.html,	
125,	 ProviderManagement_searchCertification.uim,		 N/A,	 N/A,	 No,	1,	false,	http://opsrhl0155.mulvm.ie.ibm.com:9080/curamanalysisdocumentation/pages/ProviderManagement_searchCertification.html,	
125,	 Activity_inviteAttendeeToStandardActivity.vim,		 Modal,	 Activity_inviteAttendeeToStandardActivityFromView.uim,	 No,	1,	false,	http://opsrhl0155.mulvm.ie.ibm.com:9080/curamanalysisdocumentation/pages/Activity_inviteAttendeeToStandardActivityFromView.html,	
125,	 ProviderManagement_viewMemberTrainingStatusHistory.uim,		 Modal,	 N/A,	 No,	1,	false,	http://opsrhl0155.mulvm.ie.ibm.com:9080/curamanalysisdocumentation/pages/ProviderManagement_viewMemberTrainingStatusHistory.html,	
125,	 AddAgreementWizard_clients.uim,		 NonModal,	 N/A,	 No,	2,	false,	http://opsrhl0155.mulvm.ie.ibm.com:9080/curamanalysisdocumentation/pages/AddAgreementWizard_clients.html,	
125,	 ProviderManagement_searchProviderOfferingPopup.uim,		 N/A,	 N/A,	 No,	1,	false,	http://opsrhl0155.mulvm.ie.ibm.com:9080/curamanalysisdocumentation/pages/ProviderManagement_searchProviderOfferingPopup.html,	
125,	 ProviderManagement_searchProviderGroupsPopup.uim,		 NonModal,	 N/A,	 No,	1,	false,	http://opsrhl0155.mulvm.ie.ibm.com:9080/curamanalysisdocumentation/pages/ProviderManagement_searchProviderGroupsPopup.html,	
125,	 ProviderManagement_searchProviderPopUp.uim,		 NonModal,	 N/A,	 No,	1,	false,	http://opsrhl0155.mulvm.ie.ibm.com:9080/curamanalysisdocumentation/pages/ProviderManagement_searchProviderPopUp.html,	
125,	 PME_searchSOPopup.uim,		 N/A,	 N/A,	 No,	2,	false,	http://opsrhl0155.mulvm.ie.ibm.com:9080/curamanalysisdocumentation/pages/PME_searchSOPopup.html,	
125,	 CaseAudit_ICCaseSampleManualSearch.uim,		 NonModal,	 N/A,	 No,	2,	false,	http://opsrhl0155.mulvm.ie.ibm.com:9080/curamanalysisdocumentation/pages/CaseAudit_ICCaseSampleManualSearch.html,	
125,	 ServicePlanDelivery_selectNewPlannedSubGoalType.uim,		 Modal,	 N/A,	 No,	1,	false,	http://opsrhl0155.mulvm.ie.ibm.com:9080/curamanalysisdocumentation/pages/ServicePlanDelivery_selectNewPlannedSubGoalType.html,	
125,	 ProviderManagement_relatedServiceAuthorizationLineItems.uim,		 Modal,	 N/A,	 No,	1,	false,	http://opsrhl0155.mulvm.ie.ibm.com:9080/curamanalysisdocumentation/pages/ProviderManagement_relatedServiceAuthorizationLineItems.html,	
125,	 MeetingAttendence_modify.uim,		 NonModal,	 N/A,	 No,	1,	false,	http://opsrhl0155.mulvm.ie.ibm.com:9080/curamanalysisdocumentation/pages/MeetingAttendence_modify.html,	
125,	 ProviderManagement_searchTrainingByTrainingNameUnitMeasureForProviderMember.uim,		 NonModal,	 N/A,	 No,	1,	false,	http://opsrhl0155.mulvm.ie.ibm.com:9080/curamanalysisdocumentation/pages/ProviderManagement_searchTrainingByTrainingNameUnitMeasureForProviderMember.html,	
125,	 ProviderManagement_viewLocalizableSONameText.uim,		 Modal,	 N/A,	 No,	1,	false,	http://opsrhl0155.mulvm.ie.ibm.com:9080/curamanalysisdocumentation/pages/ProviderManagement_viewLocalizableSONameText.html,	
125,	 ProviderManagement_listMemberCertificationChangeHistory.uim,		 Modal,	 N/A,	 No,	1,	false,	http://opsrhl0155.mulvm.ie.ibm.com:9080/curamanalysisdocumentation/pages/ProviderManagement_listMemberCertificationChangeHistory.html,	
125,	 CaseAudit_selectCase.uim,		 Modal,	 N/A,	 No,	2,	false,	http://opsrhl0155.mulvm.ie.ibm.com:9080/curamanalysisdocumentation/pages/CaseAudit_selectCase.html,	
125,	 CalendarMeetingMinutes_createActionView.vim,		 Modal,	 CalendarMeetingMinutes_createAction.uim,	 No,	1,	false,	http://opsrhl0155.mulvm.ie.ibm.com:9080/curamanalysisdocumentation/pages/CalendarMeetingMinutes_createAction.html,	
125,	 ProviderManagement_viewLocalizableTextView.vim,		 Modal,	 ProviderManagement_viewLocalizableTextTranslation.uim,	 No,	1,	false,	http://opsrhl0155.mulvm.ie.ibm.com:9080/curamanalysisdocumentation/pages/ProviderManagement_viewLocalizableTextTranslation.html,	
125,	 Meeting_inviteAttendeeFromSEF.uim,		 N/A,	 N/A,	 No,	4,	false,	http://opsrhl0155.mulvm.ie.ibm.com:9080/curamanalysisdocumentation/pages/Meeting_inviteAttendeeFromSEF.html,	
125,	 ServicePlanAdmin_addServicePlanToServicePlanGroup.uim,		 Modal,	 N/A,	 No,	1,	false,	http://opsrhl0155.mulvm.ie.ibm.com:9080/curamanalysisdocumentation/pages/ServicePlanAdmin_addServicePlanToServicePlanGroup.html,	
125,	 ProviderManagement_searchTrainingByTrainingNameUnitMeasureForProviderGroupMember.uim,		 NonModal,	 N/A,	 No,	1,	false,	http://opsrhl0155.mulvm.ie.ibm.com:9080/curamanalysisdocumentation/pages/ProviderManagement_searchTrainingByTrainingNameUnitMeasureForProviderGroupMember.html,	
125,	 Activity_inviteAttendeeToRecurringActivity.vim,		 Modal,	 Activity_inviteAttendeeToRecurringActivityFromView.uim,	 No,	1,	false,	http://opsrhl0155.mulvm.ie.ibm.com:9080/curamanalysisdocumentation/pages/Activity_inviteAttendeeToRecurringActivityFromView.html,	
125,	 ProviderManagement_listClientsForServiceInvoiceLineItem.uim,		 Modal,	 N/A,	 No,	1,	false,	http://opsrhl0155.mulvm.ie.ibm.com:9080/curamanalysisdocumentation/pages/ProviderManagement_listClientsForServiceInvoiceLineItem.html,	
125,	 ProviderManagement_addTaxonomyTermsToPO.uim,		 NonModal,	 N/A,	 No,	1,	false,	http://opsrhl0155.mulvm.ie.ibm.com:9080/curamanalysisdocumentation/pages/ProviderManagement_addTaxonomyTermsToPO.html,	
125,	 ProviderManagement_selectTrainingForProviderMember.uim,		 NonModal,	 N/A,	 No,	1,	false,	http://opsrhl0155.mulvm.ie.ibm.com:9080/curamanalysisdocumentation/pages/ProviderManagement_selectTrainingForProviderMember.html,	
125,	 ProviderManagement_searchServiceOfferingForProviderPopup.uim,		 N/A,	 N/A,	 No,	1,	false,	http://opsrhl0155.mulvm.ie.ibm.com:9080/curamanalysisdocumentation/pages/ProviderManagement_searchServiceOfferingForProviderPopup.html,	
125,	 MDTCollaboration_listSharingDetailsRow.vim,		 Modal,	 Case_viewAttachment.uim,	 No,	1,	false,	http://opsrhl0155.mulvm.ie.ibm.com:9080/curamanalysisdocumentation/pages/Case_viewAttachment.html,	
125,	 ProviderManagement_viewTrainingDetails.uim,		 Modal,	 N/A,	 No,	1,	false,	http://opsrhl0155.mulvm.ie.ibm.com:9080/curamanalysisdocumentation/pages/ProviderManagement_viewTrainingDetails.html,	
125,	 ServicePlanDelivery_ICCreateView.vim,		 Modal,	 ServicePlanDelivery_ICCreate.uim,	 No,	1,	false,	http://opsrhl0155.mulvm.ie.ibm.com:9080/curamanalysisdocumentation/pages/ServicePlanDelivery_ICCreate.html,	
125,	 ProviderManagement_searchTrainingByTrainingTypeForProviderMember.uim,		 NonModal,	 N/A,	 No,	1,	false,	http://opsrhl0155.mulvm.ie.ibm.com:9080/curamanalysisdocumentation/pages/ProviderManagement_searchTrainingByTrainingTypeForProviderMember.html,	
125,	 CaseAudit_PDCaseSampleManualSearch.uim,		 NonModal,	 N/A,	 No,	2,	false,	http://opsrhl0155.mulvm.ie.ibm.com:9080/curamanalysisdocumentation/pages/CaseAudit_PDCaseSampleManualSearch.html,	
125,	 ProviderManagement_viewServiceAuthorizationLineItems.uim,		 NonModal,	 N/A,	 No,	1,	false,	http://opsrhl0155.mulvm.ie.ibm.com:9080/curamanalysisdocumentation/pages/ProviderManagement_viewServiceAuthorizationLineItems.html,	
125,	 ProviderManagement_addExistingPlaces1.uim,		 Modal,	 N/A,	 No,	1,	false,	http://opsrhl0155.mulvm.ie.ibm.com:9080/curamanalysisdocumentation/pages/ProviderManagement_addExistingPlaces1.html,	
125,	 ServicePlanDelivery_selectPlanItem.uim,		 Modal,	 N/A,	 No,	1,	false,	http://opsrhl0155.mulvm.ie.ibm.com:9080/curamanalysisdocumentation/pages/ServicePlanDelivery_selectPlanItem.html,	
125,	 ProviderManagement_selectTrainingForProviderGroup.uim,		 NonModal,	 N/A,	 No,	1,	false,	http://opsrhl0155.mulvm.ie.ibm.com:9080/curamanalysisdocumentation/pages/ProviderManagement_selectTrainingForProviderGroup.html,	
125,	 ProviderManagement_selectTrainingForProviderGroupMember.uim,		 NonModal,	 N/A,	 No,	1,	false,	http://opsrhl0155.mulvm.ie.ibm.com:9080/curamanalysisdocumentation/pages/ProviderManagement_selectTrainingForProviderGroupMember.html,	
125,	 CalendarMeetingMinutes_issueMinutes.uim,		 Modal,	 N/A,	 No,	1,	false,	http://opsrhl0155.mulvm.ie.ibm.com:9080/curamanalysisdocumentation/pages/CalendarMeetingMinutes_issueMinutes.html,	
125,	 ProviderManagement_searchInEditTaxonomyTermsByKeyWordPopup.uim,		 N/A,	 N/A,	 No,	1,	false,	http://opsrhl0155.mulvm.ie.ibm.com:9080/curamanalysisdocumentation/pages/ProviderManagement_searchInEditTaxonomyTermsByKeyWordPopup.html,	
125,	 ProviderManagement_searchTaxonomyTermsByKeyWordPopup.uim,		 NonModal,	 N/A,	 No,	1,	false,	http://opsrhl0155.mulvm.ie.ibm.com:9080/curamanalysisdocumentation/pages/ProviderManagement_searchTaxonomyTermsByKeyWordPopup.html,	
125,	 CaseAudit_LPDCaseSampleManualSearch.uim,		 NonModal,	 N/A,	 No,	2,	false,	http://opsrhl0155.mulvm.ie.ibm.com:9080/curamanalysisdocumentation/pages/CaseAudit_LPDCaseSampleManualSearch.html,	
125,	 CTM_viewReleasedChangeSet.uim,		 NonModal,	 N/A,	 No,	1,	false,	http://opsrhl0155.mulvm.ie.ibm.com:9080/curamanalysisdocumentation/pages/CTM_viewReleasedChangeSet.html,	
125,	 ProviderManagement_benefitDeliveryMethodPopup.uim,		 N/A,	 N/A,	 No,	1,	false,	http://opsrhl0155.mulvm.ie.ibm.com:9080/curamanalysisdocumentation/pages/ProviderManagement_benefitDeliveryMethodPopup.html,	
125,	 Case_viewNote1.uim,		 NonModal,	 N/A,	 No,	1,	true,	http://opsrhl0155.mulvm.ie.ibm.com:9080/curamanalysisdocumentation/pages/Case_viewNote1.html,	
125,	 ServicePlanGroupDelivery_addServicePlanDelivery.uim,		 Modal,	 N/A,	 No,	1,	false,	http://opsrhl0155.mulvm.ie.ibm.com:9080/curamanalysisdocumentation/pages/ServicePlanGroupDelivery_addServicePlanDelivery.html,	
125,	 ProviderManagement_submitServiceInvoiceLineItems.uim,		 Modal,	 N/A,	 No,	1,	false,	http://opsrhl0155.mulvm.ie.ibm.com:9080/curamanalysisdocumentation/pages/ProviderManagement_submitServiceInvoiceLineItems.html,	
125,	 ProviderManagement_viewProviderCategoryTypes.uim,		 Modal,	 N/A,	 No,	1,	false,	http://opsrhl0155.mulvm.ie.ibm.com:9080/curamanalysisdocumentation/pages/ProviderManagement_viewProviderCategoryTypes.html,	
125,	 OutcomePlanningAdmin_recommendObjectiveFromAssessmentFactor.uim,		 Modal,	 N/A,	 No,	1,	false,	http://opsrhl0155.mulvm.ie.ibm.com:9080/curamanalysisdocumentation/pages/OutcomePlanningAdmin_recommendObjectiveFromAssessmentFactor.html,	
125,	 ProviderManagement_approveSubmittedSILI.uim,		 Modal,	 N/A,	 No,	1,	false,	http://opsrhl0155.mulvm.ie.ibm.com:9080/curamanalysisdocumentation/pages/ProviderManagement_approveSubmittedSILI.html,	
125,	 Meeting_createMeeting.uim,		 Modal,	 N/A,	 No,	4,	false,	http://opsrhl0155.mulvm.ie.ibm.com:9080/curamanalysisdocumentation/pages/Meeting_createMeeting.html,	
125,	 ProviderManagement_addSOPerformanceMeasure.uim,		 Modal,	 N/A,	 No,	1,	false,	http://opsrhl0155.mulvm.ie.ibm.com:9080/curamanalysisdocumentation/pages/ProviderManagement_addSOPerformanceMeasure.html,	
125,	 ProviderManagement_selectLiabilityToApplyDeductionDetails.uim,		 NonModal,	 N/A,	 No,	1,	false,	http://opsrhl0155.mulvm.ie.ibm.com:9080/curamanalysisdocumentation/pages/ProviderManagement_selectLiabilityToApplyDeductionDetails.html,	
125,	 ProviderManagement_viewContractStatusHistory.uim,		 Modal,	 N/A,	 No,	1,	false,	http://opsrhl0155.mulvm.ie.ibm.com:9080/curamanalysisdocumentation/pages/ProviderManagement_viewContractStatusHistory.html,	
125,	 MeetingActions_modify.uim,		 NonModal,	 N/A,	 No,	1,	false,	http://opsrhl0155.mulvm.ie.ibm.com:9080/curamanalysisdocumentation/pages/MeetingActions_modify.html,	
125,	 ServicePlanDelivery_selectMilestone.uim,		 N/A,	 N/A,	 No,	1,	false,	http://opsrhl0155.mulvm.ie.ibm.com:9080/curamanalysisdocumentation/pages/ServicePlanDelivery_selectMilestone.html,	
125,	 AssessmentDelivery_summary.uim,		 NonModal,	 N/A,	 No,	6,	true,	http://opsrhl0155.mulvm.ie.ibm.com:9080/curamanalysisdocumentation/pages/AssessmentDelivery_summary.html,	
125,	 ProviderManagement_viewServiceAuthorizationBudgetInformation.uim,		 NonModal,	 N/A,	 No,	1,	false,	http://opsrhl0155.mulvm.ie.ibm.com:9080/curamanalysisdocumentation/pages/ProviderManagement_viewServiceAuthorizationBudgetInformation.html,	
125,	 ServicePlanDelivery_selectPlannedSubGoalType.uim,		 Modal,	 N/A,	 No,	1,	false,	http://opsrhl0155.mulvm.ie.ibm.com:9080/curamanalysisdocumentation/pages/ServicePlanDelivery_selectPlannedSubGoalType.html,	
125,	 OutcomePlanningAdmin_recommendObjectiveFromOutcomePlanFactor.uim,		 Modal,	 N/A,	 No,	1,	false,	http://opsrhl0155.mulvm.ie.ibm.com:9080/curamanalysisdocumentation/pages/OutcomePlanningAdmin_recommendObjectiveFromOutcomePlanFactor.html,	
125,	 ProviderManagement_searchWaitListForProviderOffering.uim,		 NonModal,	 N/A,	 No,	1,	false,	http://opsrhl0155.mulvm.ie.ibm.com:9080/curamanalysisdocumentation/pages/ProviderManagement_searchWaitListForProviderOffering.html,	
125,	 ServicePlanDelivery_expectedOutcomeSearchPopup.uim,		 N/A,	 N/A,	 No,	1,	false,	http://opsrhl0155.mulvm.ie.ibm.com:9080/curamanalysisdocumentation/pages/ServicePlanDelivery_expectedOutcomeSearchPopup.html,	
125,	 Case_createAttachment.uim,		 Modal,	 N/A,	 No,	1,	false,	http://opsrhl0155.mulvm.ie.ibm.com:9080/curamanalysisdocumentation/pages/Case_createAttachment.html,	
125,	 CaseAudit_InvestigationCaseSampleManualSearch.uim,		 NonModal,	 N/A,	 No,	2,	false,	http://opsrhl0155.mulvm.ie.ibm.com:9080/curamanalysisdocumentation/pages/CaseAudit_InvestigationCaseSampleManualSearch.html,	
125,	 ProviderManagement_searchPersonRepresentativePopup.uim,		 NonModal,	 N/A,	 No,	2,	false,	http://opsrhl0155.mulvm.ie.ibm.com:9080/curamanalysisdocumentation/pages/ProviderManagement_searchPersonRepresentativePopup.html,	
125,	 ProviderManagement_searchTrainingByTrainingTypeForProviderGroupMember.uim,		 NonModal,	 N/A,	 No,	1,	false,	http://opsrhl0155.mulvm.ie.ibm.com:9080/curamanalysisdocumentation/pages/ProviderManagement_searchTrainingByTrainingTypeForProviderGroupMember.html,	
127,	 CreateActionWizard_details.uim,		 NonModal,	 N/A,	 No,	1,	false,	http://opsrhl0155.mulvm.ie.ibm.com:9080/curamanalysisdocumentation/pages/CreateActionWizard_details.html,	
130,	 SocialEnterpriseFolder_createIncident.uim,		 Modal,	 N/A,	 No,	2,	false,	http://opsrhl0155.mulvm.ie.ibm.com:9080/curamanalysisdocumentation/pages/SocialEnterpriseFolder_createIncident.html,	
135,	 IssueDelivery_listResolutionStatusHistoryView.vim,		 Modal,	 IssueDelivery_listResolutionStatusHistory.uim,	 No,	1,	false,	http://opsrhl0155.mulvm.ie.ibm.com:9080/curamanalysisdocumentation/pages/IssueDelivery_listResolutionStatusHistory.html,	
140,	 CREOLEProgramRecommendation_selectProgramsForApplication.uim,		 Modal,	 N/A,	 No,	1,	false,	http://opsrhl0155.mulvm.ie.ibm.com:9080/curamanalysisdocumentation/pages/CREOLEProgramRecommendation_selectProgramsForApplication.html,	
150,	 DecisionAssistAdmin_decisionMatrixQuestionPopup.uim,		 N/A,	 N/A,	 No,	1,	false,	http://opsrhl0155.mulvm.ie.ibm.com:9080/curamanalysisdocumentation/pages/DecisionAssistAdmin_decisionMatrixQuestionPopup.html,	
150,	 ServicePlanAdmin_addOutcomesToPlanItem.uim,		 Modal,	 N/A,	 No,	1,	false,	http://opsrhl0155.mulvm.ie.ibm.com:9080/curamanalysisdocumentation/pages/ServicePlanAdmin_addOutcomesToPlanItem.html,	
150,	 CaseAudit_removeAssignment.uim,		 Modal,	 N/A,	 No,	1,	false,	http://opsrhl0155.mulvm.ie.ibm.com:9080/curamanalysisdocumentation/pages/CaseAudit_removeAssignment.html,	
150,	 ServiceDelivery_addActivityEvidence.uim,		 Modal,	 N/A,	 No,	1,	false,	http://opsrhl0155.mulvm.ie.ibm.com:9080/curamanalysisdocumentation/pages/ServiceDelivery_addActivityEvidence.html,	
150,	 ServicePlanAdmin_expectedOutcomeSearchPopup.uim,		 N/A,	 N/A,	 No,	1,	false,	http://opsrhl0155.mulvm.ie.ibm.com:9080/curamanalysisdocumentation/pages/ServicePlanAdmin_expectedOutcomeSearchPopup.html,	
150,	 CaseAudit_removeAssignCaseAudits.uim,		 NonModal,	 N/A,	 No,	1,	false,	http://opsrhl0155.mulvm.ie.ibm.com:9080/curamanalysisdocumentation/pages/CaseAudit_removeAssignCaseAudits.html,	
150,	 CaseAudit_listForAuditorUser.uim,		 NonModal,	 N/A,	 No,	2,	false,	http://opsrhl0155.mulvm.ie.ibm.com:9080/curamanalysisdocumentation/pages/CaseAudit_listForAuditorUser.html,	
150,	 LegalAction_createOrder.uim,		 N/A,	 N/A,	 No,	1,	false,	http://opsrhl0155.mulvm.ie.ibm.com:9080/curamanalysisdocumentation/pages/LegalAction_createOrder.html,	
150,	 ProviderManagement_searchAvailablePlacesForReservation.uim,		 N/A,	 N/A,	 No,	1,	false,	http://opsrhl0155.mulvm.ie.ibm.com:9080/curamanalysisdocumentation/pages/ProviderManagement_searchAvailablePlacesForReservation.html,	
150,	 CaseAudit_assignCaseAudits.uim,		 Modal,	 N/A,	 No,	1,	false,	http://opsrhl0155.mulvm.ie.ibm.com:9080/curamanalysisdocumentation/pages/CaseAudit_assignCaseAudits.html,	
150,	 OutcomePlanningAdmin_editRecommendation.uim,		 N/A,	 N/A,	 No,	1,	false,	http://opsrhl0155.mulvm.ie.ibm.com:9080/curamanalysisdocumentation/pages/OutcomePlanningAdmin_editRecommendation.html,	
150,	 OutcomePlan_accessibleCreateFromParentCase.uim,		 N/A,	 N/A,	 No,	1,	false,	http://opsrhl0155.mulvm.ie.ibm.com:9080/curamanalysisdocumentation/pages/OutcomePlan_accessibleCreateFromParentCase.html,	
150,	 IntakeSummary_listDetails.uim,		 N/A,	 N/A,	 No,	2,	false,	http://opsrhl0155.mulvm.ie.ibm.com:9080/curamanalysisdocumentation/pages/IntakeSummary_listDetails.html,	
150,	 OutcomePlan_viewReviewItemsView.vim,		 N/A,	 OutcomePlan_viewReviewGoals.uim,	 No,	4,	false,	http://opsrhl0155.mulvm.ie.ibm.com:9080/curamanalysisdocumentation/pages/OutcomePlan_viewReviewGoals.html,	
150,	 Organization_serviceplangroupTypeSearchPopup.uim,		 N/A,	 N/A,	 No,	1,	false,	http://opsrhl0155.mulvm.ie.ibm.com:9080/curamanalysisdocumentation/pages/Organization_serviceplangroupTypeSearchPopup.html,	
150,	 Organization_serviceplanTypeSearchPopup.uim,		 N/A,	 N/A,	 No,	1,	false,	http://opsrhl0155.mulvm.ie.ibm.com:9080/curamanalysisdocumentation/pages/Organization_serviceplanTypeSearchPopup.html,	
150,	 OutcomePlan_addClientsToAction.uim,		 Modal,	 N/A,	 No,	1,	false,	http://opsrhl0155.mulvm.ie.ibm.com:9080/curamanalysisdocumentation/pages/OutcomePlan_addClientsToAction.html,	
150,	 Meeting_viewMeetingView.vim,		 Modal,	 Meeting_viewMeeting.uim,	 No,	1,	false,	http://opsrhl0155.mulvm.ie.ibm.com:9080/curamanalysisdocumentation/pages/Meeting_viewMeeting.html,	
150,	 ServicePlanAdmin_addGoodCausesToPlanItem.uim,		 Modal,	 N/A,	 No,	1,	false,	http://opsrhl0155.mulvm.ie.ibm.com:9080/curamanalysisdocumentation/pages/ServicePlanAdmin_addGoodCausesToPlanItem.html,	
150,	 AdminLegalStatus_associateCaseType.uim,		 Modal,	 N/A,	 No,	1,	false,	http://opsrhl0155.mulvm.ie.ibm.com:9080/curamanalysisdocumentation/pages/AdminLegalStatus_associateCaseType.html,	
150,	 CTM_addBusinessObjectsToChangeSet.uim,		 Modal,	 N/A,	 No,	1,	false,	http://opsrhl0155.mulvm.ie.ibm.com:9080/curamanalysisdocumentation/pages/CTM_addBusinessObjectsToChangeSet.html,	
150,	 MDTExternal_investigationHome.uim,		 N/A,	 N/A,	 No,	1,	false,	http://opsrhl0155.mulvm.ie.ibm.com:9080/curamanalysisdocumentation/pages/MDTExternal_investigationHome.html,	
150,	 CaseAudit_confirmCaseAuditAssignment.uim,		 NonModal,	 N/A,	 No,	1,	false,	http://opsrhl0155.mulvm.ie.ibm.com:9080/curamanalysisdocumentation/pages/CaseAudit_confirmCaseAuditAssignment.html,	
150,	 MeetingMinutes_issueMinutes.uim,		 Modal,	 N/A,	 No,	1,	false,	http://opsrhl0155.mulvm.ie.ibm.com:9080/curamanalysisdocumentation/pages/MeetingMinutes_issueMinutes.html,	
150,	 Financial_suspenseTransferSearchPerson.uim,		 Modal,	 N/A,	 No,	1,	false,	http://opsrhl0155.mulvm.ie.ibm.com:9080/curamanalysisdocumentation/pages/Financial_suspenseTransferSearchPerson.html,	
150,	 CaseAudit_reassignCaseAudit.uim,		 Modal,	 N/A,	 No,	1,	false,	http://opsrhl0155.mulvm.ie.ibm.com:9080/curamanalysisdocumentation/pages/CaseAudit_reassignCaseAudit.html,	
150,	 ServicePlanAdmin_addApprovalCriteriaToPlanItem.uim,		 Modal,	 N/A,	 No,	1,	false,	http://opsrhl0155.mulvm.ie.ibm.com:9080/curamanalysisdocumentation/pages/ServicePlanAdmin_addApprovalCriteriaToPlanItem.html,	
150,	 MDTExternal_inviteAttendeesNotFromCollaborationCase.uim,		 N/A,	 N/A,	 No,	1,	false,	http://opsrhl0155.mulvm.ie.ibm.com:9080/curamanalysisdocumentation/pages/MDTExternal_inviteAttendeesNotFromCollaborationCase.html,	
150,	 LegalAction_createHearing.uim,		 N/A,	 N/A,	 No,	1,	false,	http://opsrhl0155.mulvm.ie.ibm.com:9080/curamanalysisdocumentation/pages/LegalAction_createHearing.html,	
150,	 OutcomePlanAgreement_specifyDateSigned.uim,		 Modal,	 N/A,	 No,	1,	false,	http://opsrhl0155.mulvm.ie.ibm.com:9080/curamanalysisdocumentation/pages/OutcomePlanAgreement_specifyDateSigned.html,	
150,	 Financial_suspenseTransferSearchEmployer.uim,		 Modal,	 N/A,	 No,	1,	false,	http://opsrhl0155.mulvm.ie.ibm.com:9080/curamanalysisdocumentation/pages/Financial_suspenseTransferSearchEmployer.html,	
150,	 AdminLegalAction_associateCases.vim,		 N/A,	 AdminLegalAction_associateIntegratedCases.uim,	 No,	2,	false,	http://opsrhl0155.mulvm.ie.ibm.com:9080/curamanalysisdocumentation/pages/AdminLegalAction_associateIntegratedCases.html,	
150,	 MDTExternal_createMeeting.uim,		 Modal,	 N/A,	 No,	1,	false,	http://opsrhl0155.mulvm.ie.ibm.com:9080/curamanalysisdocumentation/pages/MDTExternal_createMeeting.html,	
150,	 ServicePlanAdmin_addSubGoalsToGoal.uim,		 Modal,	 N/A,	 No,	1,	false,	http://opsrhl0155.mulvm.ie.ibm.com:9080/curamanalysisdocumentation/pages/ServicePlanAdmin_addSubGoalsToGoal.html,	
150,	 Organization_planitemTypeSearchPopup.uim,		 N/A,	 N/A,	 No,	1,	false,	http://opsrhl0155.mulvm.ie.ibm.com:9080/curamanalysisdocumentation/pages/Organization_planitemTypeSearchPopup.html,	
150,	 OutcomePlanningAdmin_createRecommendationFromFactor.vim,		 Modal,	 OutcomePlanningAdmin_createRecommendActionFromViewFactorFromList.uim,	 No,	2,	false,	http://opsrhl0155.mulvm.ie.ibm.com:9080/curamanalysisdocumentation/pages/OutcomePlanningAdmin_createRecommendActionFromViewFactorFromList.html,	
150,	 OutcomePlan_viewReviewActivities.uim,		 N/A,	 N/A,	 No,	4,	false,	http://opsrhl0155.mulvm.ie.ibm.com:9080/curamanalysisdocumentation/pages/OutcomePlan_viewReviewActivities.html,	
150,	 CaseAudit_reassignCaseAudits.uim,		 NonModal,	 N/A,	 No,	1,	false,	http://opsrhl0155.mulvm.ie.ibm.com:9080/curamanalysisdocumentation/pages/CaseAudit_reassignCaseAudits.html,	
150,	 DecisionAssistAdmin_listPDDecisionMatrices.uim,		 NonModal,	 N/A,	 No,	1,	false,	http://opsrhl0155.mulvm.ie.ibm.com:9080/curamanalysisdocumentation/pages/DecisionAssistAdmin_listPDDecisionMatrices.html,	
150,	 ProviderManagement_placeSearchCriteria.uim,		 Modal,	 N/A,	 No,	1,	false,	http://opsrhl0155.mulvm.ie.ibm.com:9080/curamanalysisdocumentation/pages/ProviderManagement_placeSearchCriteria.html,	
150,	 ServicePlanDelivery_listAuthorizationHistory.uim,		 Modal,	 N/A,	 No,	1,	false,	http://opsrhl0155.mulvm.ie.ibm.com:9080/curamanalysisdocumentation/pages/ServicePlanDelivery_listAuthorizationHistory.html,	
150,	 AdminLegalAction_associateCaseType.uim,		 N/A,	 N/A,	 No,	2,	false,	http://opsrhl0155.mulvm.ie.ibm.com:9080/curamanalysisdocumentation/pages/AdminLegalAction_associateCaseType.html,	
150,	 ServicePlanAdmin_addICToServicePlan.uim,		 Modal,	 N/A,	 No,	1,	false,	http://opsrhl0155.mulvm.ie.ibm.com:9080/curamanalysisdocumentation/pages/ServicePlanAdmin_addICToServicePlan.html,	
150,	 SocialEnterpriseFolder_listAddressPopup.uim,		 N/A,	 N/A,	 No,	1,	false,	http://opsrhl0155.mulvm.ie.ibm.com:9080/curamanalysisdocumentation/pages/SocialEnterpriseFolder_listAddressPopup.html,	
150,	 MDTExternal_createCollaborationMeeting.uim,		 Modal,	 N/A,	 No,	1,	false,	http://opsrhl0155.mulvm.ie.ibm.com:9080/curamanalysisdocumentation/pages/MDTExternal_createCollaborationMeeting.html,	
150,	 AdminLegalAction_listExistingLegalActionForCategoryView.vim,		 Modal,	 AdminLegalAction_createExistingLegalAction.uim,	 No,	1,	false,	http://opsrhl0155.mulvm.ie.ibm.com:9080/curamanalysisdocumentation/pages/AdminLegalAction_createExistingLegalAction.html,	
150,	 OutcomePlan_addActivityEvidence.uim,		 Modal,	 N/A,	 No,	1,	false,	http://opsrhl0155.mulvm.ie.ibm.com:9080/curamanalysisdocumentation/pages/OutcomePlan_addActivityEvidence.html,	
150,	 MDTExternal_inviteAttendeesNotFromCase.uim,		 Modal,	 N/A,	 No,	1,	false,	http://opsrhl0155.mulvm.ie.ibm.com:9080/curamanalysisdocumentation/pages/MDTExternal_inviteAttendeesNotFromCase.html,	
150,	 DAAssessmentConfiguration_decisionMatrixQuestionPopup.uim,		 N/A,	 N/A,	 No,	1,	false,	http://opsrhl0155.mulvm.ie.ibm.com:9080/curamanalysisdocumentation/pages/DAAssessmentConfiguration_decisionMatrixQuestionPopup.html,	
150,	 OutcomePlan_addObjectivesToActivityView.vim,		 Modal,	 OutcomePlan_addObjectivesToReferral.uim,	 No,	2,	false,	http://opsrhl0155.mulvm.ie.ibm.com:9080/curamanalysisdocumentation/pages/OutcomePlan_addObjectivesToReferral.html,	
150,	 Evidence_discardPendingUpdate.uim,		 Modal,	 N/A,	 No,	1,	false,	http://opsrhl0155.mulvm.ie.ibm.com:9080/curamanalysisdocumentation/pages/Evidence_discardPendingUpdate.html,	
150,	 DecisionAssistAdmin_searchICDCodesAdd.uim,		 NonModal,	 N/A,	 No,	1,	false,	http://opsrhl0155.mulvm.ie.ibm.com:9080/curamanalysisdocumentation/pages/DecisionAssistAdmin_searchICDCodesAdd.html,	
150,	 DecisionMatrixQuestionPopup.uim,		 NonModal,	 N/A,	 No,	1,	false,	http://opsrhl0155.mulvm.ie.ibm.com:9080/curamanalysisdocumentation/pages/DecisionMatrixQuestionPopup.html,	
150,	 OutcomePlanningAdmin_editRecommendAction.vim,		 Modal,	 OutcomePlanningAdmin_editRecommendationFromOutcomePlanAdmin.uim,	 No,	1,	false,	http://opsrhl0155.mulvm.ie.ibm.com:9080/curamanalysisdocumentation/pages/OutcomePlanningAdmin_editRecommendationFromOutcomePlanAdmin.html,	
155,	 CalendarMeetingMinutes_createActionViewFromAgenda.vim,		 N/A,	 CalendarMeetingActions_modify.uim,	 No,	1,	false,	http://opsrhl0155.mulvm.ie.ibm.com:9080/curamanalysisdocumentation/pages/CalendarMeetingActions_modify.html,	
155,	 CalendarMeetingActions_modify.uim,		 NonModal,	 N/A,	 No,	1,	false,	http://opsrhl0155.mulvm.ie.ibm.com:9080/curamanalysisdocumentation/pages/CalendarMeetingActions_modify.html,	
160,	 Application_SearchForClients.uim,		 Modal,	 N/A,	 No,	1,	false,	http://opsrhl0155.mulvm.ie.ibm.com:9080/curamanalysisdocumentation/pages/Application_SearchForClients.html,	
160,	 PersonalizedPageAdmin_editSelectedPods.uim,		 NonModal,	 N/A,	 No,	1,	false,	http://opsrhl0155.mulvm.ie.ibm.com:9080/curamanalysisdocumentation/pages/PersonalizedPageAdmin_editSelectedPods.html,	
160,	 Application_searchPersonAndProspectPersonDisplayView.vim,		 Modal,	 Application_searchPersonAndProspectPerson.uim,	 No,	1,	false,	http://opsrhl0155.mulvm.ie.ibm.com:9080/curamanalysisdocumentation/pages/Application_searchPersonAndProspectPerson.html,	
160,	 PersonalizedPageAdmin_editPageContexts.uim,		 N/A,	 N/A,	 No,	1,	false,	http://opsrhl0155.mulvm.ie.ibm.com:9080/curamanalysisdocumentation/pages/PersonalizedPageAdmin_editPageContexts.html,	
160,	 ApplicationSummary.uim,		 NonModal,	 N/A,	 No,	4,	false,	http://opsrhl0155.mulvm.ie.ibm.com:9080/curamanalysisdocumentation/pages/ApplicationSummary.html,	
160,	 DefaultIC_existingCaseListContent.vim,		 Modal,	 DefaultIC_existingCaseList.uim,	 No,	1,	false,	http://opsrhl0155.mulvm.ie.ibm.com:9080/curamanalysisdocumentation/pages/DefaultIC_existingCaseList.html,	
160,	 PersonalizedPageAdmin_editAvailablePods.uim,		 Modal,	 N/A,	 No,	1,	false,	http://opsrhl0155.mulvm.ie.ibm.com:9080/curamanalysisdocumentation/pages/PersonalizedPageAdmin_editAvailablePods.html,	
170,	 ProviderManagement_searchServiceGroupPopup.uim,		 NonModal,	 N/A,	 No,	1,	false,	http://opsrhl0155.mulvm.ie.ibm.com:9080/curamanalysisdocumentation/pages/ProviderManagement_searchServiceGroupPopup.html,	
170,	 ProviderManagement_listCreoleRuleSetPopup.uim,		 N/A,	 N/A,	 No,	1,	false,	http://opsrhl0155.mulvm.ie.ibm.com:9080/curamanalysisdocumentation/pages/ProviderManagement_listCreoleRuleSetPopup.html,	
170,	 ExpectedEndDateHistory_view.vim,		 N/A,	 OutcomePlan_viewExpectedOutcomeExpectedEndDateHistory.uim,	 No,	1,	false,	http://opsrhl0155.mulvm.ie.ibm.com:9080/curamanalysisdocumentation/pages/OutcomePlan_viewExpectedOutcomeExpectedEndDateHistory.html,	
170,	 OutcomePlanningAdmin_createRecommendAddProduct.vim,		 Modal,	 OutcomePlanningAdmin_createRecommendServiceFromOutcomePlanAdmin.uim,	 No,	1,	false,	http://opsrhl0155.mulvm.ie.ibm.com:9080/curamanalysisdocumentation/pages/OutcomePlanningAdmin_createRecommendServiceFromOutcomePlanAdmin.html,	
170,	 CaseAudit_createAuditTeam.uim,		 Modal,	 N/A,	 No,	1,	false,	http://opsrhl0155.mulvm.ie.ibm.com:9080/curamanalysisdocumentation/pages/CaseAudit_createAuditTeam.html,	
170,	 ProviderManagement_listDataStorePopup.uim,		 N/A,	 N/A,	 No,	1,	false,	http://opsrhl0155.mulvm.ie.ibm.com:9080/curamanalysisdocumentation/pages/ProviderManagement_listDataStorePopup.html,	
170,	 CaseAudit_modifyAuditTeam.uim,		 Modal,	 N/A,	 No,	1,	false,	http://opsrhl0155.mulvm.ie.ibm.com:9080/curamanalysisdocumentation/pages/CaseAudit_modifyAuditTeam.html,	
170,	 CreateActionWizard_schedule.uim,		 NonModal,	 N/A,	 No,	6,	false,	http://opsrhl0155.mulvm.ie.ibm.com:9080/curamanalysisdocumentation/pages/CreateActionWizard_schedule.html,	
170,	 ProviderManagement_searchActiveCompartmentForProvider.uim,		 N/A,	 N/A,	 No,	1,	false,	http://opsrhl0155.mulvm.ie.ibm.com:9080/curamanalysisdocumentation/pages/ProviderManagement_searchActiveCompartmentForProvider.html,	
170,	 ProviderManagement_searchAvailablePlacesForWaitList.uim,		 N/A,	 N/A,	 No,	1,	false,	http://opsrhl0155.mulvm.ie.ibm.com:9080/curamanalysisdocumentation/pages/ProviderManagement_searchAvailablePlacesForWaitList.html,	
175,	 ProviderManagement_findAllAvailablePlacesForFM.uim,		 Modal,	 N/A,	 No,	1,	false,	http://opsrhl0155.mulvm.ie.ibm.com:9080/curamanalysisdocumentation/pages/ProviderManagement_findAllAvailablePlacesForFM.html,	
200,	 Product_listProviderLocations.uim,		 N/A,	 N/A,	 No,	1,	false,	http://opsrhl0155.mulvm.ie.ibm.com:9080/curamanalysisdocumentation/pages/Product_listProviderLocations.html,	
200,	 OutcomePlanAgreement_clientList.vim,		 Modal,	 OutcomePlanAgreement_addClient.uim,	 No,	1,	false,	http://opsrhl0155.mulvm.ie.ibm.com:9080/curamanalysisdocumentation/pages/OutcomePlanAgreement_addClient.html,	
200,	 ProviderManagement_addProviderPerformanceMeasure.uim,		 Modal,	 N/A,	 No,	1,	false,	http://opsrhl0155.mulvm.ie.ibm.com:9080/curamanalysisdocumentation/pages/ProviderManagement_addProviderPerformanceMeasure.html,	
200,	 CTM_removeBusinessObjects.uim,		 Modal,	 N/A,	 No,	1,	false,	http://opsrhl0155.mulvm.ie.ibm.com:9080/curamanalysisdocumentation/pages/CTM_removeBusinessObjects.html,	
200,	 Discussion_showWatchers.uim,		 Modal,	 N/A,	 No,	1,	false,	http://opsrhl0155.mulvm.ie.ibm.com:9080/curamanalysisdocumentation/pages/Discussion_showWatchers.html,	
200,	 ProviderManagement_searchProviderGroupNotRegistered.uim,		 Modal,	 N/A,	 No,	1,	false,	http://opsrhl0155.mulvm.ie.ibm.com:9080/curamanalysisdocumentation/pages/ProviderManagement_searchProviderGroupNotRegistered.html,	
200,	 MultidisciplinaryTeam_viewModal.uim,		 Modal,	 N/A,	 No,	1,	false,	http://opsrhl0155.mulvm.ie.ibm.com:9080/curamanalysisdocumentation/pages/MultidisciplinaryTeam_viewModal.html,	
200,	 Financial_paymentReceivedSearchEmployer.uim,		 Modal,	 N/A,	 No,	1,	false,	http://opsrhl0155.mulvm.ie.ibm.com:9080/curamanalysisdocumentation/pages/Financial_paymentReceivedSearchEmployer.html,	
200,	 ProviderManagement_searchConfirmProviderGroupNotRegistered.uim,		 Modal,	 N/A,	 No,	1,	false,	http://opsrhl0155.mulvm.ie.ibm.com:9080/curamanalysisdocumentation/pages/ProviderManagement_searchConfirmProviderGroupNotRegistered.html,	
200,	 ProviderManagement_searchConfirmProviderEnquiry.uim,		 Modal,	 N/A,	 No,	1,	false,	http://opsrhl0155.mulvm.ie.ibm.com:9080/curamanalysisdocumentation/pages/ProviderManagement_searchConfirmProviderEnquiry.html,	
200,	 SocialEnterpriseFolder_predefinedMDTAdd.uim,		 Modal,	 N/A,	 No,	1,	false,	http://opsrhl0155.mulvm.ie.ibm.com:9080/curamanalysisdocumentation/pages/SocialEnterpriseFolder_predefinedMDTAdd.html,	
200,	 FederalAllowableComponent_create.uim,		 Modal,	 N/A,	 No,	1,	false,	http://opsrhl0155.mulvm.ie.ibm.com:9080/curamanalysisdocumentation/pages/FederalAllowableComponent_create.html,	
200,	 ProviderManagement_viewProviderStatusHistory.uim,		 Modal,	 N/A,	 No,	1,	false,	http://opsrhl0155.mulvm.ie.ibm.com:9080/curamanalysisdocumentation/pages/ProviderManagement_viewProviderStatusHistory.html,	
200,	 ICSample_existingCaseListContent.vim,		 Modal,	 ICSample_existingCaseList.uim,	 Yes,	1,	false,	http://opsrhl0155.mulvm.ie.ibm.com:9080/curamanalysisdocumentation/pages/ICSample_existingCaseList.html,	
200,	 ProviderManagement_listLicenseStatusHistory.uim,		 Modal,	 N/A,	 No,	1,	false,	http://opsrhl0155.mulvm.ie.ibm.com:9080/curamanalysisdocumentation/pages/ProviderManagement_listLicenseStatusHistory.html,	
200,	 ProviderManagement_viewReservationStatusHistory.uim,		 Modal,	 N/A,	 No,	1,	false,	http://opsrhl0155.mulvm.ie.ibm.com:9080/curamanalysisdocumentation/pages/ProviderManagement_viewReservationStatusHistory.html,	
200,	 Wizard_listProviderLocationPopup.uim,		 N/A,	 N/A,	 No,	1,	false,	http://opsrhl0155.mulvm.ie.ibm.com:9080/curamanalysisdocumentation/pages/Wizard_listProviderLocationPopup.html,	
200,	 AssessmentDelivery_compareAssessmentsView.vim,		 Modal,	 AssessmentDelivery_compareAssessments.uim,	 No,	1,	false,	http://opsrhl0155.mulvm.ie.ibm.com:9080/curamanalysisdocumentation/pages/AssessmentDelivery_compareAssessments.html,	
200,	 CommonIntake_listEligibilityCheckPrograms.uim,		 N/A,	 N/A,	 No,	1,	false,	http://opsrhl0155.mulvm.ie.ibm.com:9080/curamanalysisdocumentation/pages/CommonIntake_listEligibilityCheckPrograms.html,	
200,	 OutcomePlanAgreement_removeSignatory.uim,		 Modal,	 N/A,	 No,	1,	false,	http://opsrhl0155.mulvm.ie.ibm.com:9080/curamanalysisdocumentation/pages/OutcomePlanAgreement_removeSignatory.html,	
200,	 SocialEnterpriseFolder_viewMDTSensitivityDetails.uim,		 Modal,	 N/A,	 Yes,	1,	false,	http://opsrhl0155.mulvm.ie.ibm.com:9080/curamanalysisdocumentation/pages/SocialEnterpriseFolder_viewMDTSensitivityDetails.html,	
200,	 Financial_refundPaymentSearchEmployer.uim,		 NonModal,	 N/A,	 No,	1,	false,	http://opsrhl0155.mulvm.ie.ibm.com:9080/curamanalysisdocumentation/pages/Financial_refundPaymentSearchEmployer.html,	
200,	 ProviderManagement_searchOpenEnquiry.uim,		 Modal,	 N/A,	 No,	1,	false,	http://opsrhl0155.mulvm.ie.ibm.com:9080/curamanalysisdocumentation/pages/ProviderManagement_searchOpenEnquiry.html,	
200,	 OutcomePlanAgreement_removeClient.uim,		 Modal,	 N/A,	 No,	1,	false,	http://opsrhl0155.mulvm.ie.ibm.com:9080/curamanalysisdocumentation/pages/OutcomePlanAgreement_removeClient.html,	
225,	 Person_searchWithoutProspectPopup.uim,		 NonModal,	 N/A,	 No,	1,	false,	http://opsrhl0155.mulvm.ie.ibm.com:9080/curamanalysisdocumentation/pages/Person_searchWithoutProspectPopup.html,	
225,	 VerificationAdmin_searchRuleClasses.uim,		 N/A,	 N/A,	 No,	1,	false,	http://opsrhl0155.mulvm.ie.ibm.com:9080/curamanalysisdocumentation/pages/VerificationAdmin_searchRuleClasses.html,	
225,	 CTM_viewChangeSetDetails.uim,		 NonModal,	 N/A,	 No,	1,	false,	http://opsrhl0155.mulvm.ie.ibm.com:9080/curamanalysisdocumentation/pages/CTM_viewChangeSetDetails.html,	
225,	 VerificationAdmin_searchDisplayRuleClasses.uim,		 N/A,	 N/A,	 No,	1,	false,	http://opsrhl0155.mulvm.ie.ibm.com:9080/curamanalysisdocumentation/pages/VerificationAdmin_searchDisplayRuleClasses.html,	
225,	 Person_searchPopupView1.vim,		 Modal,	 Person_searchPopup1.uim,	 No,	1,	false,	http://opsrhl0155.mulvm.ie.ibm.com:9080/curamanalysisdocumentation/pages/Person_searchPopup1.html,	
225,	 CTM_viewChangeSet.uim,		 N/A,	 N/A,	 No,	1,	false,	http://opsrhl0155.mulvm.ie.ibm.com:9080/curamanalysisdocumentation/pages/CTM_viewChangeSet.html,	
225,	 Organization_searchResource.uim,		 NonModal,	 N/A,	 No,	1,	false,	http://opsrhl0155.mulvm.ie.ibm.com:9080/curamanalysisdocumentation/pages/Organization_searchResource.html,	
235,	 Supervisor_reassignCasesForUser.uim,		 N/A,	 N/A,	 No,	1,	false,	http://opsrhl0155.mulvm.ie.ibm.com:9080/curamanalysisdocumentation/pages/Supervisor_reassignCasesForUser.html,	
235,	 Supervisor_subscribeUserToWorkQueues.uim,		 Modal,	 N/A,	 No,	1,	false,	http://opsrhl0155.mulvm.ie.ibm.com:9080/curamanalysisdocumentation/pages/Supervisor_subscribeUserToWorkQueues.html,	
235,	 Utility_searchPopupView1.vim,		 Modal,	 Utility_searchPopup1.uim,	 No,	1,	false,	http://opsrhl0155.mulvm.ie.ibm.com:9080/curamanalysisdocumentation/pages/Utility_searchPopup1.html,	
235,	 Supervisor_redirectTasksToUsers.uim,		 Modal,	 N/A,	 No,	1,	false,	http://opsrhl0155.mulvm.ie.ibm.com:9080/curamanalysisdocumentation/pages/Supervisor_redirectTasksToUsers.html,	
235,	 Supervisor_forwardTasksNotReservedByUser.uim,		 N/A,	 N/A,	 No,	1,	false,	http://opsrhl0155.mulvm.ie.ibm.com:9080/curamanalysisdocumentation/pages/Supervisor_forwardTasksNotReservedByUser.html,	
235,	 Supervisor_reassignCasesWithIssuesByDate.uim,		 Modal,	 N/A,	 No,	1,	false,	http://opsrhl0155.mulvm.ie.ibm.com:9080/curamanalysisdocumentation/pages/Supervisor_reassignCasesWithIssuesByDate.html,	
235,	 Supervisor_taskAllocationBlocking.uim,		 Modal,	 N/A,	 No,	1,	false,	http://opsrhl0155.mulvm.ie.ibm.com:9080/curamanalysisdocumentation/pages/Supervisor_taskAllocationBlocking.html,	
235,	 ExternalParty_searchPopup1.uim,		 NonModal,	 N/A,	 No,	1,	false,	http://opsrhl0155.mulvm.ie.ibm.com:9080/curamanalysisdocumentation/pages/ExternalParty_searchPopup1.html,	
235,	 Supervisor_reserveWorkQueueTasksToUser.uim,		 Modal,	 N/A,	 No,	1,	false,	http://opsrhl0155.mulvm.ie.ibm.com:9080/curamanalysisdocumentation/pages/Supervisor_reserveWorkQueueTasksToUser.html,	
235,	 Supervisor_forwardTasksReservedByUser.uim,		 N/A,	 N/A,	 No,	1,	false,	http://opsrhl0155.mulvm.ie.ibm.com:9080/curamanalysisdocumentation/pages/Supervisor_forwardTasksReservedByUser.html,	
235,	 SupervisorAppeals_reassignCasesWithAppeals.uim,		 Modal,	 N/A,	 No,	1,	false,	http://opsrhl0155.mulvm.ie.ibm.com:9080/curamanalysisdocumentation/pages/SupervisorAppeals_reassignCasesWithAppeals.html,	
235,	 InformationProvider_searchPopupView1.vim,		 Modal,	 InformationProvider_searchPopup1.uim,	 No,	1,	false,	http://opsrhl0155.mulvm.ie.ibm.com:9080/curamanalysisdocumentation/pages/InformationProvider_searchPopup1.html,	
235,	 Supervisor_reallocateTasksReservedByUser.uim,		 Modal,	 N/A,	 No,	1,	false,	http://opsrhl0155.mulvm.ie.ibm.com:9080/curamanalysisdocumentation/pages/Supervisor_reallocateTasksReservedByUser.html,	
235,	 Supervisor_reallocateTasksNotReservedByUser.uim,		 Modal,	 N/A,	 No,	1,	false,	http://opsrhl0155.mulvm.ie.ibm.com:9080/curamanalysisdocumentation/pages/Supervisor_reallocateTasksNotReservedByUser.html,	
235,	 Supervisor_reserveWorkQueueAssignedTasksToUser.uim,		 Modal,	 N/A,	 No,	1,	false,	http://opsrhl0155.mulvm.ie.ibm.com:9080/curamanalysisdocumentation/pages/Supervisor_reserveWorkQueueAssignedTasksToUser.html,	
235,	 Supervisor_reassignCasesWithIssues.uim,		 Modal,	 N/A,	 No,	1,	false,	http://opsrhl0155.mulvm.ie.ibm.com:9080/curamanalysisdocumentation/pages/Supervisor_reassignCasesWithIssues.html,	
240,	 SearchForExternalAgencyBranchOffering.uim,		 Modal,	 N/A,	 No,	1,	false,	http://opsrhl0155.mulvm.ie.ibm.com:9080/curamanalysisdocumentation/pages/SearchForExternalAgencyBranchOffering.html,	
240,	 PersonalizedPageAdmin_availablePods.uim,		 NonModal,	 N/A,	 No,	1,	false,	http://opsrhl0155.mulvm.ie.ibm.com:9080/curamanalysisdocumentation/pages/PersonalizedPageAdmin_availablePods.html,	
245,	 OutcomePlanFactor_viewAllProgress.uim,		 Modal,	 N/A,	 No,	1,	false,	http://opsrhl0155.mulvm.ie.ibm.com:9080/curamanalysisdocumentation/pages/OutcomePlanFactor_viewAllProgress.html,	
250,	 CitizenWorkspaceAdmin_addWithdrawalReasons.uim,		 Modal,	 N/A,	 No,	1,	false,	http://opsrhl0155.mulvm.ie.ibm.com:9080/curamanalysisdocumentation/pages/CitizenWorkspaceAdmin_addWithdrawalReasons.html,	
250,	 ProviderManagement_listServiceSIDForCreateRightPopup.uim,		 N/A,	 N/A,	 No,	1,	false,	http://opsrhl0155.mulvm.ie.ibm.com:9080/curamanalysisdocumentation/pages/ProviderManagement_listServiceSIDForCreateRightPopup.html,	
250,	 ProcessDefinitionTool_selectWorkflowDataObjectAttributeForEventMatchData.uim,		 NonModal,	 N/A,	 No,	1,	false,	http://opsrhl0155.mulvm.ie.ibm.com:9080/curamanalysisdocumentation/pages/ProcessDefinitionTool_selectWorkflowDataObjectAttributeForEventMatchData.html,	
250,	 Financial_viewNonClientPaymentInstructionView.vim,		 N/A,	 Financial_viewNonClientPaymentInstruction1.uim,	 No,	1,	false,	http://opsrhl0155.mulvm.ie.ibm.com:9080/curamanalysisdocumentation/pages/Financial_viewNonClientPaymentInstruction1.html,	
250,	 ProcessDefinitionTool_selectWorkflowDataObjectTemplate.uim,		 NonModal,	 N/A,	 No,	1,	false,	http://opsrhl0155.mulvm.ie.ibm.com:9080/curamanalysisdocumentation/pages/ProcessDefinitionTool_selectWorkflowDataObjectTemplate.html,	
250,	 ProviderManagement_listServiceSIDForMntnRightPopup.uim,		 N/A,	 N/A,	 No,	1,	false,	http://opsrhl0155.mulvm.ie.ibm.com:9080/curamanalysisdocumentation/pages/ProviderManagement_listServiceSIDForMntnRightPopup.html,	
250,	 ProviderManagement_referralWizardAddProvider.uim,		 NonModal,	 N/A,	 No,	1,	false,	http://opsrhl0155.mulvm.ie.ibm.com:9080/curamanalysisdocumentation/pages/ProviderManagement_referralWizardAddProvider.html,	
250,	 ProcessDefinitionTool_selectWorkflowDataObject.uim,		 N/A,	 N/A,	 No,	1,	false,	http://opsrhl0155.mulvm.ie.ibm.com:9080/curamanalysisdocumentation/pages/ProcessDefinitionTool_selectWorkflowDataObject.html,	
250,	 ProcessDefinitionTool_selectRuleSet.uim,		 N/A,	 N/A,	 No,	1,	false,	http://opsrhl0155.mulvm.ie.ibm.com:9080/curamanalysisdocumentation/pages/ProcessDefinitionTool_selectRuleSet.html,	
250,	 Organization_createOutcomePlanApprovalCheck.vim,		 Modal,	 Organization_createOutcomePlanApprovalCheckForUser.uim,	 No,	1,	false,	http://opsrhl0155.mulvm.ie.ibm.com:9080/curamanalysisdocumentation/pages/Organization_createOutcomePlanApprovalCheckForUser.html,	
250,	 ProcessDefinitionTool_listBPOMethodsForAutomaticActivity.uim,		 N/A,	 N/A,	 No,	1,	false,	http://opsrhl0155.mulvm.ie.ibm.com:9080/curamanalysisdocumentation/pages/ProcessDefinitionTool_listBPOMethodsForAutomaticActivity.html,	
250,	 WorkspaceServices_addZipToServiceArea.uim,		 Modal,	 N/A,	 No,	1,	false,	http://opsrhl0155.mulvm.ie.ibm.com:9080/curamanalysisdocumentation/pages/WorkspaceServices_addZipToServiceArea.html,	
250,	 CommonIntake_viewPCRConfigurationRangeMappings.uim,		 NonModal,	 N/A,	 No,	1,	false,	http://opsrhl0155.mulvm.ie.ibm.com:9080/curamanalysisdocumentation/pages/CommonIntake_viewPCRConfigurationRangeMappings.html,	
250,	 ProcessDefinitionTool_listBPOMethods.uim,		 NonModal,	 N/A,	 No,	1,	false,	http://opsrhl0155.mulvm.ie.ibm.com:9080/curamanalysisdocumentation/pages/ProcessDefinitionTool_listBPOMethods.html,	
250,	 PCRAdmin_viewPCRConfigurationRangeMappings.uim,		 NonModal,	 N/A,	 No,	1,	false,	http://opsrhl0155.mulvm.ie.ibm.com:9080/curamanalysisdocumentation/pages/PCRAdmin_viewPCRConfigurationRangeMappings.html,	
250,	 ProcessDefinitionTool_selectStructField.uim,		 NonModal,	 N/A,	 No,	1,	false,	http://opsrhl0155.mulvm.ie.ibm.com:9080/curamanalysisdocumentation/pages/ProcessDefinitionTool_selectStructField.html,	
250,	 ProviderManagement_specifyReferralProviderCPMService.uim,		 NonModal,	 N/A,	 No,	1,	false,	http://opsrhl0155.mulvm.ie.ibm.com:9080/curamanalysisdocumentation/pages/ProviderManagement_specifyReferralProviderCPMService.html,	
250,	 MeetingMinutes_listAttachmentsFromWizard.vim,		 Modal,	 MeetingMinutes_addAttachmentsFromList.uim,	 No,	1,	false,	http://opsrhl0155.mulvm.ie.ibm.com:9080/curamanalysisdocumentation/pages/MeetingMinutes_addAttachmentsFromList.html,	
250,	 CitizenWorkspaceAdmin_selectLocalOfficeForPDFForm.uim,		 Modal,	 N/A,	 No,	1,	false,	http://opsrhl0155.mulvm.ie.ibm.com:9080/curamanalysisdocumentation/pages/CitizenWorkspaceAdmin_selectLocalOfficeForPDFForm.html,	
250,	 CitizenWorkspaceAdmin_modifyPDFFormOffice.uim,		 Modal,	 N/A,	 No,	1,	false,	http://opsrhl0155.mulvm.ie.ibm.com:9080/curamanalysisdocumentation/pages/CitizenWorkspaceAdmin_modifyPDFFormOffice.html,	
250,	 ProcessDefinitionTool_selectWorkflowDataObjectAttributeForActions.uim,		 N/A,	 N/A,	 No,	1,	false,	http://opsrhl0155.mulvm.ie.ibm.com:9080/curamanalysisdocumentation/pages/ProcessDefinitionTool_selectWorkflowDataObjectAttributeForActions.html,	
250,	 ProcessDefinitionTool_selectWorkflowDataObjectAttribute.uim,		 Modal,	 N/A,	 No,	1,	false,	http://opsrhl0155.mulvm.ie.ibm.com:9080/curamanalysisdocumentation/pages/ProcessDefinitionTool_selectWorkflowDataObjectAttribute.html,	
250,	 OutcomePlan_removeFactorFromRelated.vim,		 Modal,	 OutcomePlan_removeFactorFromExpectedOutcome.uim,	 No,	1,	false,	http://opsrhl0155.mulvm.ie.ibm.com:9080/curamanalysisdocumentation/pages/OutcomePlan_removeFactorFromExpectedOutcome.html,	
250,	 ProviderManagement_listServiceSIDForViewRightPopup.uim,		 N/A,	 N/A,	 No,	1,	false,	http://opsrhl0155.mulvm.ie.ibm.com:9080/curamanalysisdocumentation/pages/ProviderManagement_listServiceSIDForViewRightPopup.html,	
250,	 OutcomePlan_setPriorityFactors.uim,		 Modal,	 N/A,	 No,	1,	false,	http://opsrhl0155.mulvm.ie.ibm.com:9080/curamanalysisdocumentation/pages/OutcomePlan_setPriorityFactors.html,	
250,	 SocialEnterpriseFolder_selectProFormaType.uim,		 NonModal,	 N/A,	 No,	1,	false,	http://opsrhl0155.mulvm.ie.ibm.com:9080/curamanalysisdocumentation/pages/SocialEnterpriseFolder_selectProFormaType.html,	
250,	 ProcessDefinitionTool_selectEventType.uim,		 NonModal,	 N/A,	 No,	1,	false,	http://opsrhl0155.mulvm.ie.ibm.com:9080/curamanalysisdocumentation/pages/ProcessDefinitionTool_selectEventType.html,	
250,	 CitizenWorkspaceAdmin_modifyLocalOffice.uim,		 Modal,	 N/A,	 No,	1,	false,	http://opsrhl0155.mulvm.ie.ibm.com:9080/curamanalysisdocumentation/pages/CitizenWorkspaceAdmin_modifyLocalOffice.html,	
250,	 CitizenWorkspaceAdmin_selectIntakeApplicationType.uim,		 Modal,	 N/A,	 No,	1,	false,	http://opsrhl0155.mulvm.ie.ibm.com:9080/curamanalysisdocumentation/pages/CitizenWorkspaceAdmin_selectIntakeApplicationType.html,	
250,	 ProviderManagement_listServiceSIDForApproveRightPopup.uim,		 N/A,	 N/A,	 No,	1,	false,	http://opsrhl0155.mulvm.ie.ibm.com:9080/curamanalysisdocumentation/pages/ProviderManagement_listServiceSIDForApproveRightPopup.html,	
250,	 ProcessDefinitionTool_selectWorkflowProcess.uim,		 NonModal,	 N/A,	 No,	1,	false,	http://opsrhl0155.mulvm.ie.ibm.com:9080/curamanalysisdocumentation/pages/ProcessDefinitionTool_selectWorkflowProcess.html,	
250,	 ProcessDefinitionTool_listBPOOutputFields.uim,		 N/A,	 N/A,	 No,	1,	false,	http://opsrhl0155.mulvm.ie.ibm.com:9080/curamanalysisdocumentation/pages/ProcessDefinitionTool_listBPOOutputFields.html,	
250,	 CitizenWorkspaceAdmin_addProgramToGroup.uim,		 Modal,	 N/A,	 No,	1,	false,	http://opsrhl0155.mulvm.ie.ibm.com:9080/curamanalysisdocumentation/pages/CitizenWorkspaceAdmin_addProgramToGroup.html,	
250,	 WorkspaceServices_addCountyToServiceArea.uim,		 Modal,	 N/A,	 No,	1,	false,	http://opsrhl0155.mulvm.ie.ibm.com:9080/curamanalysisdocumentation/pages/WorkspaceServices_addCountyToServiceArea.html,	
250,	 CitizenWorkspaceAdmin_selectScreeningType.uim,		 Modal,	 N/A,	 No,	1,	false,	http://opsrhl0155.mulvm.ie.ibm.com:9080/curamanalysisdocumentation/pages/CitizenWorkspaceAdmin_selectScreeningType.html,	
250,	 CitizenWorkspaceAdmin_addLocalOffice.uim,		 Modal,	 N/A,	 No,	1,	false,	http://opsrhl0155.mulvm.ie.ibm.com:9080/curamanalysisdocumentation/pages/CitizenWorkspaceAdmin_addLocalOffice.html,	
260,	 PersonalizedPageAdmin_selectUserRole.uim,		 NonModal,	 N/A,	 No,	1,	false,	http://opsrhl0155.mulvm.ie.ibm.com:9080/curamanalysisdocumentation/pages/PersonalizedPageAdmin_selectUserRole.html,	
260,	 PersonalizedPageAdmin_pageContexts.uim,		 N/A,	 N/A,	 No,	1,	false,	http://opsrhl0155.mulvm.ie.ibm.com:9080/curamanalysisdocumentation/pages/PersonalizedPageAdmin_pageContexts.html,	
260,	 PersonalizedPageAdmin_selectedPods.uim,		 NonModal,	 N/A,	 No,	1,	false,	http://opsrhl0155.mulvm.ie.ibm.com:9080/curamanalysisdocumentation/pages/PersonalizedPageAdmin_selectedPods.html,	
270,	 CommonIntake_newPCRConfiguration.uim,		 Modal,	 N/A,	 No,	1,	false,	http://opsrhl0155.mulvm.ie.ibm.com:9080/curamanalysisdocumentation/pages/CommonIntake_newPCRConfiguration.html,	
270,	 CommonIntake_modifyPCRConfiguration.uim,		 Modal,	 N/A,	 No,	1,	false,	http://opsrhl0155.mulvm.ie.ibm.com:9080/curamanalysisdocumentation/pages/CommonIntake_modifyPCRConfiguration.html,	
270,	 Section_searchTabs.uim,		 Modal,	 N/A,	 No,	1,	false,	http://opsrhl0155.mulvm.ie.ibm.com:9080/curamanalysisdocumentation/pages/Section_searchTabs.html,	
270,	 DAAssessmentConfigurationDecisionMatrixQuestionPopup.uim,		 NonModal,	 N/A,	 No,	1,	false,	http://opsrhl0155.mulvm.ie.ibm.com:9080/curamanalysisdocumentation/pages/DAAssessmentConfigurationDecisionMatrixQuestionPopup.html,	
270,	 UIAdminApplication_searchSections.uim,		 Modal,	 N/A,	 No,	1,	false,	http://opsrhl0155.mulvm.ie.ibm.com:9080/curamanalysisdocumentation/pages/UIAdminApplication_searchSections.html,	
275,	 CTM_addRelatedBusinessObjects.uim,		 Modal,	 N/A,	 No,	1,	false,	http://opsrhl0155.mulvm.ie.ibm.com:9080/curamanalysisdocumentation/pages/CTM_addRelatedBusinessObjects.html,	
280,	 Evidence_trackEvidence1.uim,		 Modal,	 N/A,	 No,	1,	false,	http://opsrhl0155.mulvm.ie.ibm.com:9080/curamanalysisdocumentation/pages/Evidence_trackEvidence1.html,	
280,	 CreateServiceDeliveryWizard_schedule.uim,		 NonModal,	 N/A,	 No,	2,	false,	http://opsrhl0155.mulvm.ie.ibm.com:9080/curamanalysisdocumentation/pages/CreateServiceDeliveryWizard_schedule.html,	
280,	 Evidence_listEvidenceView1.vim,		 Modal,	 Evidence_validateChangesForType.uim,	 No,	1,	false,	http://opsrhl0155.mulvm.ie.ibm.com:9080/curamanalysisdocumentation/pages/Evidence_validateChangesForType.html,	
300,	 IssueDelivery_addEvidenceForIC.uim,		 Modal,	 N/A,	 No,	1,	false,	http://opsrhl0155.mulvm.ie.ibm.com:9080/curamanalysisdocumentation/pages/IssueDelivery_addEvidenceForIC.html,	
300,	 ProviderManagement_listEvaluationsForProviderService.uim,		 Modal,	 N/A,	 No,	1,	false,	http://opsrhl0155.mulvm.ie.ibm.com:9080/curamanalysisdocumentation/pages/ProviderManagement_listEvaluationsForProviderService.html,	
300,	 MeetingMinutes_listIssueHistory.uim,		 Modal,	 N/A,	 No,	1,	false,	http://opsrhl0155.mulvm.ie.ibm.com:9080/curamanalysisdocumentation/pages/MeetingMinutes_listIssueHistory.html,	
300,	 Product_listProductPopup.uim,		 N/A,	 N/A,	 No,	1,	false,	http://opsrhl0155.mulvm.ie.ibm.com:9080/curamanalysisdocumentation/pages/Product_listProductPopup.html,	
300,	 OutcomePlanCollaborationPreselectedReferralWizard_sharing.uim,		 NonModal,	 N/A,	 No,	1,	false,	http://opsrhl0155.mulvm.ie.ibm.com:9080/curamanalysisdocumentation/pages/OutcomePlanCollaborationPreselectedReferralWizard_sharing.html,	
300,	 OutcomePlan_removeClientsFromExpectedOutcome.uim,		 Modal,	 N/A,	 No,	1,	false,	http://opsrhl0155.mulvm.ie.ibm.com:9080/curamanalysisdocumentation/pages/OutcomePlan_removeClientsFromExpectedOutcome.html,	
300,	 MultidisciplinaryTeam_removeRestriction.vim,		 Modal,	 MultidisciplinaryTeam_removeServiceReferralRestriction.uim,	 No,	1,	false,	http://opsrhl0155.mulvm.ie.ibm.com:9080/curamanalysisdocumentation/pages/MultidisciplinaryTeam_removeServiceReferralRestriction.html,	
300,	 IssueDelivery_addEvidence.uim,		 N/A,	 N/A,	 No,	1,	false,	http://opsrhl0155.mulvm.ie.ibm.com:9080/curamanalysisdocumentation/pages/IssueDelivery_addEvidence.html,	
300,	 Organization_listLocationPopup.uim,		 NonModal,	 N/A,	 No,	2,	false,	http://opsrhl0155.mulvm.ie.ibm.com:9080/curamanalysisdocumentation/pages/Organization_listLocationPopup.html,	
300,	 FederalAllowableComponent_edit.uim,		 Modal,	 N/A,	 No,	1,	false,	http://opsrhl0155.mulvm.ie.ibm.com:9080/curamanalysisdocumentation/pages/FederalAllowableComponent_edit.html,	
300,	 AssessmentPlanningAdmin_cancelCategory.uim,		 Modal,	 N/A,	 No,	1,	false,	http://opsrhl0155.mulvm.ie.ibm.com:9080/curamanalysisdocumentation/pages/AssessmentPlanningAdmin_cancelCategory.html,	
300,	 MultidisciplinaryTeam_addActionRestriction.uim,		 Modal,	 N/A,	 No,	1,	false,	http://opsrhl0155.mulvm.ie.ibm.com:9080/curamanalysisdocumentation/pages/MultidisciplinaryTeam_addActionRestriction.html,	
300,	 OutcomePlan_addClientsToExpectedOutcome.uim,		 Modal,	 N/A,	 No,	1,	false,	http://opsrhl0155.mulvm.ie.ibm.com:9080/curamanalysisdocumentation/pages/OutcomePlan_addClientsToExpectedOutcome.html,	
300,	 Organization_issueTypeSearchPopup.uim,		 N/A,	 N/A,	 No,	1,	false,	http://opsrhl0155.mulvm.ie.ibm.com:9080/curamanalysisdocumentation/pages/Organization_issueTypeSearchPopup.html,	
300,	 OutcomePlan_addFactorsToRelated.vim,		 Modal,	 OutcomePlan_addFactorsToExpectedOutcome.uim,	 No,	1,	false,	http://opsrhl0155.mulvm.ie.ibm.com:9080/curamanalysisdocumentation/pages/OutcomePlan_addFactorsToExpectedOutcome.html,	
300,	 IssueDelivery_addEvidenceForProductDelivery.uim,		 NonModal,	 N/A,	 No,	1,	false,	http://opsrhl0155.mulvm.ie.ibm.com:9080/curamanalysisdocumentation/pages/IssueDelivery_addEvidenceForProductDelivery.html,	
300,	 Organization_investigationTypeSearchPopup.uim,		 NonModal,	 N/A,	 No,	1,	false,	http://opsrhl0155.mulvm.ie.ibm.com:9080/curamanalysisdocumentation/pages/Organization_investigationTypeSearchPopup.html,	
300,	 Organization_jobList.uim,		 N/A,	 N/A,	 No,	1,	false,	http://opsrhl0155.mulvm.ie.ibm.com:9080/curamanalysisdocumentation/pages/Organization_jobList.html,	
300,	 AssessmentPlanningAdmin_createCategory.uim,		 Modal,	 N/A,	 No,	1,	false,	http://opsrhl0155.mulvm.ie.ibm.com:9080/curamanalysisdocumentation/pages/AssessmentPlanningAdmin_createCategory.html,	
310,	 Participant_selectProFormaTypeView.vim,		 Modal,	 Participant_selectProFormaType.uim,	 Yes,	1,	false,	http://opsrhl0155.mulvm.ie.ibm.com:9080/curamanalysisdocumentation/pages/Participant_selectProFormaType.html,	
315,	 Resource_deliveryMethodPopup.uim,		 N/A,	 N/A,	 No,	1,	false,	http://opsrhl0155.mulvm.ie.ibm.com:9080/curamanalysisdocumentation/pages/Resource_deliveryMethodPopup.html,	
315,	 Product_listAllLiabilityTypesPopup.uim,		 N/A,	 N/A,	 No,	1,	false,	http://opsrhl0155.mulvm.ie.ibm.com:9080/curamanalysisdocumentation/pages/Product_listAllLiabilityTypesPopup.html,	
315,	 System_listUnassignedFidsPopup.uim,		 N/A,	 N/A,	 No,	1,	false,	http://opsrhl0155.mulvm.ie.ibm.com:9080/curamanalysisdocumentation/pages/System_listUnassignedFidsPopup.html,	
315,	 Case_listComponentPopup.uim,		 N/A,	 N/A,	 No,	1,	false,	http://opsrhl0155.mulvm.ie.ibm.com:9080/curamanalysisdocumentation/pages/Case_listComponentPopup.html,	
315,	 Product_listOwnershipStrategyPopup.uim,		 N/A,	 N/A,	 No,	1,	false,	http://opsrhl0155.mulvm.ie.ibm.com:9080/curamanalysisdocumentation/pages/Product_listOwnershipStrategyPopup.html,	
315,	 Resource_listAllAssessmentTypesPopup.uim,		 N/A,	 N/A,	 No,	1,	false,	http://opsrhl0155.mulvm.ie.ibm.com:9080/curamanalysisdocumentation/pages/Resource_listAllAssessmentTypesPopup.html,	
315,	 SocialEnterpriseFolder_addCaseMultipleClients.uim,		 N/A,	 N/A,	 No,	1,	false,	http://opsrhl0155.mulvm.ie.ibm.com:9080/curamanalysisdocumentation/pages/SocialEnterpriseFolder_addCaseMultipleClients.html,	
315,	 Product_listOrderProductPopup.uim,		 N/A,	 N/A,	 No,	1,	false,	http://opsrhl0155.mulvm.ie.ibm.com:9080/curamanalysisdocumentation/pages/Product_listOrderProductPopup.html,	
315,	 Person_listIndigenousGroup.uim,		 NonModal,	 N/A,	 No,	1,	false,	http://opsrhl0155.mulvm.ie.ibm.com:9080/curamanalysisdocumentation/pages/Person_listIndigenousGroup.html,	
315,	 Organization_listPrinterPopup.uim,		 N/A,	 N/A,	 No,	1,	false,	http://opsrhl0155.mulvm.ie.ibm.com:9080/curamanalysisdocumentation/pages/Organization_listPrinterPopup.html,	
315,	 Organization_searchOrgLocations.uim,		 NonModal,	 N/A,	 No,	2,	false,	http://opsrhl0155.mulvm.ie.ibm.com:9080/curamanalysisdocumentation/pages/Organization_searchOrgLocations.html,	
315,	 MilestoneWaiverApproval_listAllMilestones.uim,		 N/A,	 N/A,	 No,	1,	false,	http://opsrhl0155.mulvm.ie.ibm.com:9080/curamanalysisdocumentation/pages/MilestoneWaiverApproval_listAllMilestones.html,	
315,	 Product_listProviderLocationPopup.uim,		 N/A,	 N/A,	 No,	1,	false,	http://opsrhl0155.mulvm.ie.ibm.com:9080/curamanalysisdocumentation/pages/Product_listProviderLocationPopup.html,	
315,	 Resource_listTemplatePopup.uim,		 N/A,	 N/A,	 No,	1,	false,	http://opsrhl0155.mulvm.ie.ibm.com:9080/curamanalysisdocumentation/pages/Resource_listTemplatePopup.html,	
315,	 Product_listAllBenefitTypesPopup.uim,		 N/A,	 N/A,	 No,	1,	false,	http://opsrhl0155.mulvm.ie.ibm.com:9080/curamanalysisdocumentation/pages/Product_listAllBenefitTypesPopup.html,	
315,	 Participant_listAddressPopup.uim,		 N/A,	 N/A,	 No,	1,	false,	http://opsrhl0155.mulvm.ie.ibm.com:9080/curamanalysisdocumentation/pages/Participant_listAddressPopup.html,	
315,	 Case_listOperationalNomineePopup.uim,		 N/A,	 N/A,	 No,	1,	false,	http://opsrhl0155.mulvm.ie.ibm.com:9080/curamanalysisdocumentation/pages/Case_listOperationalNomineePopup.html,	
315,	 Product_listSecurityAccessPopup.uim,		 N/A,	 N/A,	 No,	1,	false,	http://opsrhl0155.mulvm.ie.ibm.com:9080/curamanalysisdocumentation/pages/Product_listSecurityAccessPopup.html,	
315,	 Participant_listEmailAddressPopup.uim,		 N/A,	 N/A,	 No,	1,	false,	http://opsrhl0155.mulvm.ie.ibm.com:9080/curamanalysisdocumentation/pages/Participant_listEmailAddressPopup.html,	
315,	 Organization_listSecurityPopup.uim,		 N/A,	 N/A,	 No,	1,	false,	http://opsrhl0155.mulvm.ie.ibm.com:9080/curamanalysisdocumentation/pages/Organization_listSecurityPopup.html,	
315,	 CaseAuditConfiguration_listSecurityPopup.uim,		 N/A,	 N/A,	 No,	1,	false,	http://opsrhl0155.mulvm.ie.ibm.com:9080/curamanalysisdocumentation/pages/CaseAuditConfiguration_listSecurityPopup.html,	
315,	 System_listDocumentTemplatePopup.uim,		 N/A,	 N/A,	 No,	1,	false,	http://opsrhl0155.mulvm.ie.ibm.com:9080/curamanalysisdocumentation/pages/System_listDocumentTemplatePopup.html,	
315,	 Resource_listAllScreeningTypesPopup.uim,		 N/A,	 N/A,	 No,	1,	false,	http://opsrhl0155.mulvm.ie.ibm.com:9080/curamanalysisdocumentation/pages/Resource_listAllScreeningTypesPopup.html,	
315,	 Screening_listAllScreeningTypesPopup.uim,		 N/A,	 N/A,	 No,	1,	false,	http://opsrhl0155.mulvm.ie.ibm.com:9080/curamanalysisdocumentation/pages/Screening_listAllScreeningTypesPopup.html,	
315,	 Participant_listPhoneNumberPopup.uim,		 N/A,	 N/A,	 No,	1,	false,	http://opsrhl0155.mulvm.ie.ibm.com:9080/curamanalysisdocumentation/pages/Participant_listPhoneNumberPopup.html,	
315,	 SocialEnterpriseFolder_listCaseAddCaseMultipleClients.uim,		 Modal,	 N/A,	 No,	1,	false,	http://opsrhl0155.mulvm.ie.ibm.com:9080/curamanalysisdocumentation/pages/SocialEnterpriseFolder_listCaseAddCaseMultipleClients.html,	
315,	 Resource_listEvidenceFormPopup.uim,		 N/A,	 N/A,	 No,	1,	false,	http://opsrhl0155.mulvm.ie.ibm.com:9080/curamanalysisdocumentation/pages/Resource_listEvidenceFormPopup.html,	
315,	 Product_listAllInvestigationTypesPopup.uim,		 N/A,	 N/A,	 No,	1,	false,	http://opsrhl0155.mulvm.ie.ibm.com:9080/curamanalysisdocumentation/pages/Product_listAllInvestigationTypesPopup.html,	
315,	 ServiceSupplier_listServicePopup.uim,		 N/A,	 N/A,	 No,	1,	false,	http://opsrhl0155.mulvm.ie.ibm.com:9080/curamanalysisdocumentation/pages/ServiceSupplier_listServicePopup.html,	
315,	 Product_listAllIssueTypesPopup.uim,		 N/A,	 N/A,	 No,	1,	false,	http://opsrhl0155.mulvm.ie.ibm.com:9080/curamanalysisdocumentation/pages/Product_listAllIssueTypesPopup.html,	
315,	 Organization_Location_listSecurityPopup.uim,		 N/A,	 N/A,	 No,	1,	false,	http://opsrhl0155.mulvm.ie.ibm.com:9080/curamanalysisdocumentation/pages/Organization_Location_listSecurityPopup.html,	
315,	 Organization_searchLocation.uim,		 NonModal,	 N/A,	 No,	1,	false,	http://opsrhl0155.mulvm.ie.ibm.com:9080/curamanalysisdocumentation/pages/Organization_searchLocation.html,	
315,	 ServicePlanAdmin_listSecurityAccessPopup.uim,		 N/A,	 N/A,	 No,	1,	false,	http://opsrhl0155.mulvm.ie.ibm.com:9080/curamanalysisdocumentation/pages/ServicePlanAdmin_listSecurityAccessPopup.html,	
315,	 Resource_listAssessmentPopup.uim,		 N/A,	 N/A,	 No,	1,	false,	http://opsrhl0155.mulvm.ie.ibm.com:9080/curamanalysisdocumentation/pages/Resource_listAssessmentPopup.html,	
320,	 Product_addCategoryToBenefitWizard.uim,		 NonModal,	 N/A,	 No,	1,	false,	http://opsrhl0155.mulvm.ie.ibm.com:9080/curamanalysisdocumentation/pages/Product_addCategoryToBenefitWizard.html,	
320,	 Product_addCategoryToLiabilityWizard.uim,		 NonModal,	 N/A,	 No,	1,	false,	http://opsrhl0155.mulvm.ie.ibm.com:9080/curamanalysisdocumentation/pages/Product_addCategoryToLiabilityWizard.html,	
320,	 Wizard_addCategoryToLiability.uim,		 NonModal,	 N/A,	 No,	1,	false,	http://opsrhl0155.mulvm.ie.ibm.com:9080/curamanalysisdocumentation/pages/Wizard_addCategoryToLiability.html,	
320,	 Wizard_addCategoryToBenefit.uim,		 NonModal,	 N/A,	 No,	1,	false,	http://opsrhl0155.mulvm.ie.ibm.com:9080/curamanalysisdocumentation/pages/Wizard_addCategoryToBenefit.html,	
325,	 ProviderManagement_referralWizardCommonService.vim,		 Modal,	 ProviderManagement_referralWizardAddService.uim,	 No,	1,	false,	http://opsrhl0155.mulvm.ie.ibm.com:9080/curamanalysisdocumentation/pages/ProviderManagement_referralWizardAddService.html,	
330,	 ExpectedOutcomeSearchWizard_search.uim,		 NonModal,	 N/A,	 No,	1,	false,	http://opsrhl0155.mulvm.ie.ibm.com:9080/curamanalysisdocumentation/pages/ExpectedOutcomeSearchWizard_search.html,	
330,	 CreateActionWizard_action.uim,		 NonModal,	 N/A,	 No,	2,	false,	http://opsrhl0155.mulvm.ie.ibm.com:9080/curamanalysisdocumentation/pages/CreateActionWizard_action.html,	
340,	 SelectReferralServiceOffering.uim,		 Modal,	 N/A,	 No,	1,	false,	http://opsrhl0155.mulvm.ie.ibm.com:9080/curamanalysisdocumentation/pages/SelectReferralServiceOffering.html,	
350,	 OutcomePlan_createFromPersonView.vim,		 Modal,	 NewOutcomePlanWizard_planDetails.uim,	 No,	1,	false,	http://opsrhl0155.mulvm.ie.ibm.com:9080/curamanalysisdocumentation/pages/NewOutcomePlanWizard_planDetails.html,	
350,	 Appeal_selectAppealableProgram.uim,		 NonModal,	 N/A,	 No,	1,	false,	http://opsrhl0155.mulvm.ie.ibm.com:9080/curamanalysisdocumentation/pages/Appeal_selectAppealableProgram.html,	
350,	 System_listValidationErrors.uim,		 NonModal,	 N/A,	 No,	1,	false,	http://opsrhl0155.mulvm.ie.ibm.com:9080/curamanalysisdocumentation/pages/System_listValidationErrors.html,	
350,	 Position_searchPopup.uim,		 NonModal,	 N/A,	 No,	1,	false,	http://opsrhl0155.mulvm.ie.ibm.com:9080/curamanalysisdocumentation/pages/Position_searchPopup.html,	
350,	 Appeal_selectProgramDenialsView.vim,		 N/A,	 Appeal_selectProgramDenialsForJudicialReview.uim,	 No,	1,	false,	http://opsrhl0155.mulvm.ie.ibm.com:9080/curamanalysisdocumentation/pages/Appeal_selectProgramDenialsForJudicialReview.html,	
350,	 Intake_listProgramsToAppeal.uim,		 Modal,	 N/A,	 No,	1,	false,	http://opsrhl0155.mulvm.ie.ibm.com:9080/curamanalysisdocumentation/pages/Intake_listProgramsToAppeal.html,	
350,	 OutcomePlanReferralWizard_serviceView.vim,		 Modal,	 OutcomePlanReferralWizard_service.uim,	 No,	1,	false,	http://opsrhl0155.mulvm.ie.ibm.com:9080/curamanalysisdocumentation/pages/OutcomePlanReferralWizard_service.html,	
350,	 Intake_listLifeEventTypes.uim,		 Modal,	 N/A,	 No,	1,	false,	http://opsrhl0155.mulvm.ie.ibm.com:9080/curamanalysisdocumentation/pages/Intake_listLifeEventTypes.html,	
360,	 RulesEditor_viewRulesDataObjectGroup.uim,		 Modal,	 N/A,	 No,	1,	true,	http://opsrhl0155.mulvm.ie.ibm.com:9080/curamanalysisdocumentation/pages/RulesEditor_viewRulesDataObjectGroup.html,	
375,	 EBMappingConfig_addCodeTableMapping.uim,		 Modal,	 N/A,	 No,	2,	false,	http://opsrhl0155.mulvm.ie.ibm.com:9080/curamanalysisdocumentation/pages/EBMappingConfig_addCodeTableMapping.html,	
380,	 Product_evidenceTypeSearch.uim,		 NonModal,	 N/A,	 No,	1,	false,	http://opsrhl0155.mulvm.ie.ibm.com:9080/curamanalysisdocumentation/pages/Product_evidenceTypeSearch.html,	
384,	 Evidence_listEvidenceTransferView1.vim,		 Modal,	 Evidence_transferEvidence1.uim,	 No,	1,	false,	http://opsrhl0155.mulvm.ie.ibm.com:9080/curamanalysisdocumentation/pages/Evidence_transferEvidence1.html,	
390,	 Organization_organizationUnitSearchPopup.uim,		 NonModal,	 N/A,	 No,	1,	false,	http://opsrhl0155.mulvm.ie.ibm.com:9080/curamanalysisdocumentation/pages/Organization_organizationUnitSearchPopup.html,	
390,	 CaseOrganization_organizationUnitSearchPopup.uim,		 NonModal,	 N/A,	 No,	1,	false,	http://opsrhl0155.mulvm.ie.ibm.com:9080/curamanalysisdocumentation/pages/CaseOrganization_organizationUnitSearchPopup.html,	
395,	 ProductDelivery_selectInvestigationMilestone.uim,		 N/A,	 N/A,	 No,	1,	false,	http://opsrhl0155.mulvm.ie.ibm.com:9080/curamanalysisdocumentation/pages/ProductDelivery_selectInvestigationMilestone.html,	
400,	 ActivityConditionsWizard_selectAction.uim,		 Modal,	 N/A,	 No,	1,	false,	http://opsrhl0155.mulvm.ie.ibm.com:9080/curamanalysisdocumentation/pages/ActivityConditionsWizard_selectAction.html,	
400,	 AddExpectedOutcomeWizard_factors.uim,		 NonModal,	 N/A,	 No,	1,	false,	http://opsrhl0155.mulvm.ie.ibm.com:9080/curamanalysisdocumentation/pages/AddExpectedOutcomeWizard_factors.html,	
400,	 OutcomePlanAdmin_addOutcomePlanFactorsToOutcomePlan.uim,		 Modal,	 N/A,	 No,	1,	false,	http://opsrhl0155.mulvm.ie.ibm.com:9080/curamanalysisdocumentation/pages/OutcomePlanAdmin_addOutcomePlanFactorsToOutcomePlan.html,	
400,	 Financial_manualPaymentSelectNomineeWizard.uim,		 NonModal,	 N/A,	 No,	1,	false,	http://opsrhl0155.mulvm.ie.ibm.com:9080/curamanalysisdocumentation/pages/Financial_manualPaymentSelectNomineeWizard.html,	
400,	 PCRAdmin_newPCRConfiguration.uim,		 Modal,	 N/A,	 No,	1,	false,	http://opsrhl0155.mulvm.ie.ibm.com:9080/curamanalysisdocumentation/pages/PCRAdmin_newPCRConfiguration.html,	
400,	 OutcomePlanCollaborationReferralWizard_sharing.uim,		 NonModal,	 N/A,	 No,	1,	false,	http://opsrhl0155.mulvm.ie.ibm.com:9080/curamanalysisdocumentation/pages/OutcomePlanCollaborationReferralWizard_sharing.html,	
400,	 Application_listApplicationTypesForExistingCase.uim,		 Modal,	 N/A,	 No,	1,	false,	http://opsrhl0155.mulvm.ie.ibm.com:9080/curamanalysisdocumentation/pages/Application_listApplicationTypesForExistingCase.html,	
400,	 PCRAdmin_modifyPCRConfiguration.uim,		 Modal,	 N/A,	 No,	1,	false,	http://opsrhl0155.mulvm.ie.ibm.com:9080/curamanalysisdocumentation/pages/PCRAdmin_modifyPCRConfiguration.html,	
400,	 OutcomePlanAdmin_createCaseLink.uim,		 Modal,	 N/A,	 No,	1,	false,	http://opsrhl0155.mulvm.ie.ibm.com:9080/curamanalysisdocumentation/pages/OutcomePlanAdmin_createCaseLink.html,	
400,	 MultidisciplinaryTeamMember_addMemberToTeams.uim,		 Modal,	 N/A,	 No,	1,	false,	http://opsrhl0155.mulvm.ie.ibm.com:9080/curamanalysisdocumentation/pages/MultidisciplinaryTeamMember_addMemberToTeams.html,	
400,	 OutcomePlan_listPrintableDocumentContentTwo.uim,		 Modal,	 N/A,	 No,	1,	false,	http://opsrhl0155.mulvm.ie.ibm.com:9080/curamanalysisdocumentation/pages/OutcomePlan_listPrintableDocumentContentTwo.html,	
400,	 OutcomePlanAdmin_addExpectedOutcomesToOutcomePlan.uim,		 N/A,	 N/A,	 No,	1,	false,	http://opsrhl0155.mulvm.ie.ibm.com:9080/curamanalysisdocumentation/pages/OutcomePlanAdmin_addExpectedOutcomesToOutcomePlan.html,	
400,	 Financial_manualPaymentSelectCaseWizard.uim,		 NonModal,	 N/A,	 No,	1,	false,	http://opsrhl0155.mulvm.ie.ibm.com:9080/curamanalysisdocumentation/pages/Financial_manualPaymentSelectCaseWizard.html,	
400,	 OutcomePlanAdmin_addOutcomePlanGoalsToOutcomePlan.uim,		 Modal,	 N/A,	 No,	1,	false,	http://opsrhl0155.mulvm.ie.ibm.com:9080/curamanalysisdocumentation/pages/OutcomePlanAdmin_addOutcomePlanGoalsToOutcomePlan.html,	
400,	 OutcomePlanReferralWizardCommon_factors.vim,		 Modal,	 OutcomePlanCollaborationReferralWizard_factors.uim,	 No,	1,	false,	http://opsrhl0155.mulvm.ie.ibm.com:9080/curamanalysisdocumentation/pages/OutcomePlanCollaborationReferralWizard_factors.html,	
400,	 CreateActionWizard_factors.uim,		 NonModal,	 N/A,	 No,	1,	false,	http://opsrhl0155.mulvm.ie.ibm.com:9080/curamanalysisdocumentation/pages/CreateActionWizard_factors.html,	
400,	 OutcomePlan_listPrintableDocumentContent.uim,		 Modal,	 N/A,	 No,	1,	false,	http://opsrhl0155.mulvm.ie.ibm.com:9080/curamanalysisdocumentation/pages/OutcomePlan_listPrintableDocumentContent.html,	
400,	 FederalAllowableComponent_addOutcomePlanAction.uim,		 Modal,	 N/A,	 No,	1,	false,	http://opsrhl0155.mulvm.ie.ibm.com:9080/curamanalysisdocumentation/pages/FederalAllowableComponent_addOutcomePlanAction.html,	
400,	 CreateActionWizard_sharing.uim,		 NonModal,	 N/A,	 No,	1,	false,	http://opsrhl0155.mulvm.ie.ibm.com:9080/curamanalysisdocumentation/pages/CreateActionWizard_sharing.html,	
400,	 ActivityConditionsWizard_selectConditions.vim,		 Modal,	 ActivityConditionsWizard_selectServiceConditions.uim,	 No,	1,	false,	http://opsrhl0155.mulvm.ie.ibm.com:9080/curamanalysisdocumentation/pages/ActivityConditionsWizard_selectServiceConditions.html,	
400,	 AssessmentDefinition_createCaseLink.uim,		 Modal,	 N/A,	 No,	1,	false,	http://opsrhl0155.mulvm.ie.ibm.com:9080/curamanalysisdocumentation/pages/AssessmentDefinition_createCaseLink.html,	
400,	 ActivityConditionsWizard_selectReferral.uim,		 Modal,	 N/A,	 No,	1,	false,	http://opsrhl0155.mulvm.ie.ibm.com:9080/curamanalysisdocumentation/pages/ActivityConditionsWizard_selectReferral.html,	
400,	 ObjectiveConditionsWizard_selectObjective.uim,		 Modal,	 N/A,	 No,	1,	false,	http://opsrhl0155.mulvm.ie.ibm.com:9080/curamanalysisdocumentation/pages/ObjectiveConditionsWizard_selectObjective.html,	
400,	 ObjectiveConditionsWizard_selectConditions.vim,		 Modal,	 ObjectiveConditionsWizard_selectObjectiveConditions.uim,	 No,	1,	false,	http://opsrhl0155.mulvm.ie.ibm.com:9080/curamanalysisdocumentation/pages/ObjectiveConditionsWizard_selectObjectiveConditions.html,	
400,	 Application_listProgramTypesForCaseApplication.uim,		 N/A,	 N/A,	 No,	1,	false,	http://opsrhl0155.mulvm.ie.ibm.com:9080/curamanalysisdocumentation/pages/Application_listProgramTypesForCaseApplication.html,	
405,	 SocialEnterpriseFolder_mdtAddExistingMemberToCase.uim,		 Modal,	 N/A,	 No,	1,	false,	http://opsrhl0155.mulvm.ie.ibm.com:9080/curamanalysisdocumentation/pages/SocialEnterpriseFolder_mdtAddExistingMemberToCase.html,	
430,	 Intake_listApplicationTypes.uim,		 N/A,	 N/A,	 No,	1,	false,	http://opsrhl0155.mulvm.ie.ibm.com:9080/curamanalysisdocumentation/pages/Intake_listApplicationTypes.html,	
440,	 MeetingDetails_create.uim,		 Modal,	 N/A,	 No,	1,	false,	http://opsrhl0155.mulvm.ie.ibm.com:9080/curamanalysisdocumentation/pages/MeetingDetails_create.html,	
450,	 OutcomePlanAgreement_removeActivity.uim,		 Modal,	 N/A,	 No,	1,	false,	http://opsrhl0155.mulvm.ie.ibm.com:9080/curamanalysisdocumentation/pages/OutcomePlanAgreement_removeActivity.html,	
450,	 AddAgreementWizard_activities.uim,		 NonModal,	 N/A,	 No,	1,	false,	http://opsrhl0155.mulvm.ie.ibm.com:9080/curamanalysisdocumentation/pages/AddAgreementWizard_activities.html,	
450,	 CreateServiceDeliveryWizard_factors.uim,		 NonModal,	 N/A,	 No,	1,	false,	http://opsrhl0155.mulvm.ie.ibm.com:9080/curamanalysisdocumentation/pages/CreateServiceDeliveryWizard_factors.html,	
450,	 Position_searchLeadPositionsPopup.uim,		 N/A,	 N/A,	 No,	1,	false,	http://opsrhl0155.mulvm.ie.ibm.com:9080/curamanalysisdocumentation/pages/Position_searchLeadPositionsPopup.html,	
450,	 CreateServiceDeliveryWizard_sharing.uim,		 NonModal,	 N/A,	 No,	1,	false,	http://opsrhl0155.mulvm.ie.ibm.com:9080/curamanalysisdocumentation/pages/CreateServiceDeliveryWizard_sharing.html,	
450,	 System_listValidationErrorsForModal.uim,		 N/A,	 N/A,	 No,	1,	false,	http://opsrhl0155.mulvm.ie.ibm.com:9080/curamanalysisdocumentation/pages/System_listValidationErrorsForModal.html,	
450,	 Position_searchOrgUnitPositionsPopup.uim,		 N/A,	 N/A,	 No,	1,	false,	http://opsrhl0155.mulvm.ie.ibm.com:9080/curamanalysisdocumentation/pages/Position_searchOrgUnitPositionsPopup.html,	
450,	 OutcomePlanAgreement_addActivity.uim,		 Modal,	 N/A,	 No,	1,	false,	http://opsrhl0155.mulvm.ie.ibm.com:9080/curamanalysisdocumentation/pages/OutcomePlanAgreement_addActivity.html,	
460,	 OutcomePlan_addRelatedCases.uim,		 Modal,	 N/A,	 No,	1,	false,	http://opsrhl0155.mulvm.ie.ibm.com:9080/curamanalysisdocumentation/pages/OutcomePlan_addRelatedCases.html,	
475,	 MeetingCases_modify.uim,		 N/A,	 N/A,	 No,	1,	false,	http://opsrhl0155.mulvm.ie.ibm.com:9080/curamanalysisdocumentation/pages/MeetingCases_modify.html,	
475,	 MDTExternal_createCollaborationMeetingDetails.uim,		 Modal,	 N/A,	 No,	1,	false,	http://opsrhl0155.mulvm.ie.ibm.com:9080/curamanalysisdocumentation/pages/MDTExternal_createCollaborationMeetingDetails.html,	
500,	 MultidisciplinaryTeam_addExistingMember.uim,		 Modal,	 N/A,	 No,	1,	false,	http://opsrhl0155.mulvm.ie.ibm.com:9080/curamanalysisdocumentation/pages/MultidisciplinaryTeam_addExistingMember.html,	
